WEEK_START,MARKETING_SOURCE,ACCOUNTS,DEP
2024-01-01,adobe_dsp,1,4800.0
2024-01-01,adwordsbrand,254,535432.7559216921
2024-01-01,adwordslocals,52,304117.96955944214
2024-01-01,adwordsmobile,11,1680.0
2024-01-01,adwordsremarketing,1,7200.0
2024-01-01,adwordssearch,366,913441.9362835817
2024-01-01,adwordsverticals,1,12670.0
2024-01-01,adwordsyoutube,125,526469.0879823767
2024-01-01,amazon_display,1,18720.0
2024-01-01,apple_search_ads_app_install,6,7164.0
2024-01-01,bing,44,55510.0556454713
2024-01-01,bingbrand,18,89970.0292392849
2024-01-01,binglocals,4,50585.587190231745
2024-01-01,braze,1,9576.0
2024-01-01,capterra,20,64236.391394257604
2024-01-01,compare_gmbh,2,0.0
2024-01-01,ctv,4,15888.8191845504
2024-01-01,dbm_display,63,57519.0
2024-01-01,dbm_video,10,104818.098162
2024-01-01,dpm,6,41723.7734320642
2024-01-01,facebook,6,10080.0
2024-01-01,getapp,2,0.0
2024-01-01,google,1,0.0
2024-01-01,instagram,1,0.0
2024-01-01,mb,10,140807.0
2024-01-01,mobile_app_organic_install,87,280425.08899605664
2024-01-01,msteams_partnership_integration,9,33812.4081570814
2024-01-01,mvf,5,0.0
2024-01-01,natural_intelligence,90,312839.4152435706
2024-01-01,non_marketing_untracked_traffic,3,2092.0
2024-01-01,notification,1,0.0
2024-01-01,organic_search,121,206472.97997170006
2024-01-01,outbrain,1,0.0
2024-01-01,partner,15,2880.0
2024-01-01,partnerstack,75,163000.2989958702
2024-01-01,products-workforms,1,3168.0
2024-01-01,project-management.com,1,12000.0
2024-01-01,reddit_ads,4,0.0
2024-01-01,seo,72,206618.88375303586
2024-01-01,seperia,5,3516.2657210064003
2024-01-01,technologyadvice,2,0.0
2024-01-01,traffic_point,2,0.0
2024-01-01,virality,4,10188.893448843
2024-01-01,xandr,3,29791.535971031997
2024-01-08,adobe_dsp,1,0.0
2024-01-08,adwordsbrand,282,1366417.0788174726
2024-01-08,adwordslocals,63,214949.11475736444
2024-01-08,adwordsmobile,11,3600.0
2024-01-08,adwordssearch,335,887983.9592338686
2024-01-08,adwordsverticals,1,15444.0
2024-01-08,adwordsyoutube,140,446814.4257619645
2024-01-08,adwordsyoutubemobile,1,0.0
2024-01-08,adwordsyoutuberemarketing,1,0.0
2024-01-08,apple_search_ads,1,0.0
2024-01-08,apple_search_ads_app_install,8,5400.0
2024-01-08,banner,1,0.0
2024-01-08,bing,35,77923.9222125083
2024-01-08,bingbrand,27,268642.92419247166
2024-01-08,binglocals,3,36110.0
2024-01-08,braze,1,0.0
2024-01-08,business.com,1,0.0
2024-01-08,capterra,13,63752.8623221131
2024-01-08,compare_gmbh,3,0.0
2024-01-08,ctv,15,22577.454283744803
2024-01-08,cx_nlp_contactsales_pricing,1,0.0
2024-01-08,cx_nlp_contactsales_webinars,1,10200.0
2024-01-08,dbm_display,86,514613.89849343343
2024-01-08,dbm_display_remarketing,4,93157.6388683744
2024-01-08,dbm_video,13,11100.0
2024-01-08,dpm,6,30508.694911329527
2024-01-08,facebook,13,0.0
2024-01-08,facebookpage,1,13970.862734337461
2024-01-08,g2crowd,1,0.0
2024-01-08,getapp,4,203332.34079470398
2024-01-08,googleadwords_int_app_install,1,4800.0
2024-01-08,instagram,1,0.0
2024-01-08,kevinstratvert,4,0.0
2024-01-08,mb,9,75632.58321542796
2024-01-08,mobile_app_organic_install,88,114525.0708074356
2024-01-08,msteams_partnership_integration,3,446160.0
2024-01-08,mvf,12,36770.0
2024-01-08,natural_intelligence,66,412875.96120556095
2024-01-08,non_marketing_untracked_traffic,2,5530.0
2024-01-08,notification,5,0.0
2024-01-08,organic_search,184,764954.3051772
2024-01-08,outbrain,2,2280.0
2024-01-08,pandora,10,24360.0
2024-01-08,partner,26,213338.574177858
2024-01-08,partnership_marketing,1,0.0
2024-01-08,partnerstack,67,461462.0520879982
2024-01-08,podcast,7,25560.0
2024-01-08,quora_ads,3,17100.0
2024-01-08,reddit_ads,4,0.0
2024-01-08,seo,77,290009.28953764855
2024-01-08,seperia,5,5040.0
2024-01-08,softwareadvice,1,0.0
2024-01-08,stackadapt,2,0.0
2024-01-08,technologyadvice,4,0.0
2024-01-08,traffic_point,5,0.0
2024-01-08,twitter_ads,1,0.0
2024-01-08,virality,3,24407.34018697705
2024-01-08,xandr,4,0.0
2024-01-15,adwordsbrand,269,943757.0371671484
2024-01-15,adwordslocals,34,70114.54091072868
2024-01-15,adwordsmobile,10,19116.0
2024-01-15,adwordsremarketing,2,1854.0
2024-01-15,adwordssearch,323,953219.7834148413
2024-01-15,adwordsyoutube,130,327827.054068014
2024-01-15,apple_search_ads_app_install,5,0.0
2024-01-15,bing,25,134723.39773759426
2024-01-15,bingbrand,30,195028.10980625177
2024-01-15,binglocals,5,178141.91664140797
2024-01-15,bingsyndicate,1,0.0
2024-01-15,braze,2,0.0
2024-01-15,buysellads,1,12960.0
2024-01-15,capterra,20,98986.80682097656
2024-01-15,ctv,24,145875.0566566854
2024-01-15,dbm_display,73,232888.42753377545
2024-01-15,dbm_display_refunneling,1,5150.0
2024-01-15,dbm_video,17,20598.368218703697
2024-01-15,dpm,13,22795.972381815598
2024-01-15,facebook,9,30408.0
2024-01-15,getapp,5,5449.62225183915
2024-01-15,google,1,2280.0
2024-01-15,instagram,3,21120.0
2024-01-15,instagramremarketing,1,0.0
2024-01-15,kevinstratvert,4,0.0
2024-01-15,mb,3,0.0
2024-01-15,mobile_app_organic_install,81,426832.5042883376
2024-01-15,msteams_partnership_integration,7,3145.0
2024-01-15,mvf,5,31722.548942961
2024-01-15,natural_intelligence,57,257195.86249326981
2024-01-15,non_marketing_untracked_traffic,6,1620.0
2024-01-15,nonprofit_discounts,1,0.0
2024-01-15,notification,4,0.0
2024-01-15,organic_search,141,563332.8805078422
2024-01-15,outbrain,1,0.0
2024-01-15,pandora,11,38302.104043968
2024-01-15,partner,14,66046.31366291961
2024-01-15,partnerstack,54,51365.1469413357
2024-01-15,podcast,9,648.0
2024-01-15,programy.do,1,2440.0
2024-01-15,quora_ads,1,0.0
2024-01-15,reddit_ads,3,0.0
2024-01-15,seo,61,333559.28481400653
2024-01-15,seperia,3,14627.803510448884
2024-01-15,social,1,0.0
2024-01-15,softwareadvice,1,0.0
2024-01-15,stackadapt,3,4968.0
2024-01-15,technologyadvice,2,2268.0
2024-01-15,traffic_point,2,0.0
2024-01-15,virality,7,2880.0
2024-01-15,xandr,3,0.0
2024-01-15,zendesk,1,0.0
2024-01-22,adwordsbrand,265,902414.1271228449
2024-01-22,adwordslocals,65,286064.19327274035
2024-01-22,adwordsmobile,12,24151.8386243376
2024-01-22,adwordsngo,1,0.0
2024-01-22,adwordsremarketing,2,0.0
2024-01-22,adwordssearch,276,1033892.3849955393
2024-01-22,adwordsverticals,2,84646.0
2024-01-22,adwordsyoutube,110,296822.0020440214
2024-01-22,adwordsyoutubemobile,1,0.0
2024-01-22,adwordsyoutuberemarketing,1,0.0
2024-01-22,apple_search_ads_app_install,9,2160.0
2024-01-22,appvizer,1,0.0
2024-01-22,banner,2,20210.0
2024-01-22,bing,31,134539.2358669668
2024-01-22,bing_native,1,0.0
2024-01-22,bingbrand,24,123706.74977511055
2024-01-22,binglocals,5,964.0
2024-01-22,bingsyndicate,1,19196.6263947216
2024-01-22,braze,1,0.0
2024-01-22,business.com,1,0.0
2024-01-22,capterra,10,88561.38208331473
2024-01-22,crmorg,3,0.0
2024-01-22,ctv,56,473781.0466050536
2024-01-22,cx_nlp_contactsales_webinars,1,0.0
2024-01-22,dbm_display,78,425402.28447542986
2024-01-22,dbm_display_remarketing,2,43775.0
2024-01-22,dbm_video,18,80170.49138264879
2024-01-22,dpm,10,83158.955006598
2024-01-22,facebook,4,42676.020814410396
2024-01-22,facebookpage,1,0.0
2024-01-22,facebookremarketing,1,0.0
2024-01-22,g2crowd,1,0.0
2024-01-22,getapp,4,65549.07902183467
2024-01-22,hs_automation,1,0.0
2024-01-22,instagram,3,0.0
2024-01-22,kevinstratvert,4,8112.981882609849
2024-01-22,linkedin_acq,1,0.0
2024-01-22,mb,7,18620.0
2024-01-22,mobile_app_organic_install,88,174854.7094354072
2024-01-22,msteams_partnership_integration,7,56593.440682672
2024-01-22,mvf,10,25265.686889424
2024-01-22,natural_intelligence,62,459153.7672723663
2024-01-22,non_marketing_untracked_traffic,6,5528.0
2024-01-22,notification,2,0.0
2024-01-22,organic_search,119,276430.0952688551
2024-01-22,pandora,8,33720.0
2024-01-22,partner,18,121748.0
2024-01-22,partnerstack,43,74582.005070546
2024-01-22,podcast,9,77645.8348056836
2024-01-22,project-management.com,1,0.0
2024-01-22,quora_ads,5,0.0
2024-01-22,reddit_ads,3,24960.0
2024-01-22,seo,66,426064.36813027336
2024-01-22,seperia,1,0.0
2024-01-22,stackadapt,4,0.0
2024-01-22,traffic_point,3,7200.0
2024-01-22,vcstack,1,0.0
2024-01-22,virality,1,0.0
2024-01-22,xandr,1,0.0
2024-01-29,adwordsbrand,232,833193.0428166345
2024-01-29,adwordslocals,42,349408.440252912
2024-01-29,adwordsmobile,7,0.0
2024-01-29,adwordssearch,315,1877232.7337924757
2024-01-29,adwordsverticals,1,0.0
2024-01-29,adwordsyoutube,103,527519.7477953227
2024-01-29,adwordsyoutuberemarketing,1,3864.0000000000005
2024-01-29,apple_search_ads,1,0.0
2024-01-29,apple_search_ads_app_install,9,0.0
2024-01-29,appvizer,1,8570.24565996025
2024-01-29,bing,38,235208.8807707439
2024-01-29,bingbrand,22,162356.76072777974
2024-01-29,binglocals,4,172990.723691808
2024-01-29,bingsyndicate,1,0.0
2024-01-29,braze,2,0.0
2024-01-29,buysellads,6,54692.777591217004
2024-01-29,capterra,18,221434.2452029945
2024-01-29,codeur,1,0.0
2024-01-29,ctv,50,172725.64646108277
2024-01-29,dbm_display,83,565451.4800927422
2024-01-29,dbm_display_remarketing,2,0.0
2024-01-29,dbm_video,14,11400.0
2024-01-29,dpm,13,77710.96903893849
2024-01-29,facebook,7,66698.39661729
2024-01-29,g2crowd,1,4809.97261137
2024-01-29,getapp,5,0.0
2024-01-29,googleadwords_int_app_install,1,19719.482804874002
2024-01-29,inf,1,0.0
2024-01-29,instagram,2,0.0
2024-01-29,kevinstratvert,3,0.0
2024-01-29,linkedin_acq,1,960.0
2024-01-29,mb,7,22460.061178390803
2024-01-29,mobile_app_organic_install,86,210315.02576840494
2024-01-29,msteams_partnership_integration,6,44322.85309181779
2024-01-29,mvf,10,33600.0
2024-01-29,natural_intelligence,53,293666.14128463925
2024-01-29,non_marketing_untracked_traffic,4,18720.0
2024-01-29,notification,5,0.0
2024-01-29,omr,1,0.0
2024-01-29,organic_search,150,500977.1771065974
2024-01-29,outbrain,1,5885.0
2024-01-29,outbrainremarketing,1,0.0
2024-01-29,pandora,11,41403.28509300374
2024-01-29,partner,9,147845.45370282154
2024-01-29,partnerstack,45,86718.56297445993
2024-01-29,platform,1,0.0
2024-01-29,podcast,12,9540.0
2024-01-29,project-management.com,1,0.0
2024-01-29,quora_ads,2,4560.0
2024-01-29,reddit_ads,4,2280.0
2024-01-29,seo,73,745288.5756891822
2024-01-29,seperia,2,11160.0
2024-01-29,sourceforge,1,0.0
2024-01-29,stackadapt,1,0.0
2024-01-29,technologyadvice,3,6605.3731294320005
2024-01-29,traffic_point,2,0.0
2024-01-29,usbrands,1,0.0
2024-01-29,virality,5,0.0
2024-01-29,xandr,3,0.0
2024-01-29,zendesk,2,0.0
2024-02-05,adwordsbrand,277,1586836.6688661687
2024-02-05,adwordslocals,38,316341.3339626857
2024-02-05,adwordsmobile,9,14820.0
2024-02-05,adwordssearch,285,1096060.4387650657
2024-02-05,adwordsverticals,1,0.0
2024-02-05,adwordsyoutube,130,497294.93269159395
2024-02-05,apple_search_ads_app_install,7,2340.0
2024-02-05,appvizer,1,0.0
2024-02-05,banner,1,0.0
2024-02-05,bing,36,193368.0607416973
2024-02-05,bingbrand,30,241601.69943230093
2024-02-05,binglocals,3,0.0
2024-02-05,bingsyndicate,1,0.0
2024-02-05,braze,4,32040.0
2024-02-05,buysellads,3,1478.0
2024-02-05,capterra,19,217042.0170599856
2024-02-05,compare_gmbh,1,0.0
2024-02-05,ctv,46,490498.1688697018
2024-02-05,cx_nlp_contactsales_pricing,1,0.0
2024-02-05,dbm_display,86,413632.1360386249
2024-02-05,dbm_display_remarketing,5,3600.0
2024-02-05,dbm_video,18,162586.61726850813
2024-02-05,dpm,9,0.0
2024-02-05,facebook,6,26670.0
2024-02-05,facebookremarketing,2,4675.0
2024-02-05,g2crowd,1,0.0
2024-02-05,getapp,2,10602.0
2024-02-05,instagram,2,0.0
2024-02-05,kevinstratvert,1,0.0
2024-02-05,linkedin_acq,1,0.0
2024-02-05,mb,4,22393.8090333684
2024-02-05,mobile_app_organic_install,83,530277.120596173
2024-02-05,msteams_partnership_integration,9,15818.0
2024-02-05,mvf,11,18098.202541636798
2024-02-05,natural_intelligence,58,362889.28325110953
2024-02-05,non_marketing_untracked_traffic,4,0.0
2024-02-05,notification,3,0.0
2024-02-05,organic_search,134,668611.8347959308
2024-02-05,outbrain,1,0.0
2024-02-05,outbrainremarketing,1,0.0
2024-02-05,pandora,21,69175.58643109434
2024-02-05,partner,8,114786.1653213807
2024-02-05,partnerstack,42,144354.68500259757
2024-02-05,podcast,14,23320.9027467879
2024-02-05,quora_ads,4,26400.0
2024-02-05,reddit_ads,3,0.0
2024-02-05,referral_install_app_install,1,3360.0
2024-02-05,seo,69,475034.7291596376
2024-02-05,seperia,1,0.0
2024-02-05,social,1,0.0
2024-02-05,stackadapt,3,17400.0
2024-02-05,technologyadvice,4,32520.0
2024-02-05,tiktok,1,0.0
2024-02-05,traffic_point,5,0.0
2024-02-05,trial_flow,1,0.0
2024-02-05,usbrands,1,0.0
2024-02-05,virality,4,70481.92252839128
2024-02-05,xandr,2,0.0
2024-02-12,adwords,1,4962.0
2024-02-12,adwordsbrand,271,890288.1421728914
2024-02-12,adwordslocals,38,101626.10307285134
2024-02-12,adwordsmobile,5,11400.0
2024-02-12,adwordsremarketing,1,0.0
2024-02-12,adwordssearch,271,702055.117222262
2024-02-12,adwordsverticals,2,5070.0
2024-02-12,adwordsyoutube,97,300735.51875825215
2024-02-12,apple_search_ads,1,0.0
2024-02-12,apple_search_ads_app_install,5,0.0
2024-02-12,appvizer,1,0.0
2024-02-12,bing,32,95042.289206809
2024-02-12,bingbrand,23,143313.35982886312
2024-02-12,binglocals,3,63226.59575799552
2024-02-12,bingsyndicate,1,0.0
2024-02-12,braze,2,57402.24655556677
2024-02-12,buysellads,5,0.0
2024-02-12,capterra,16,190642.56796270402
2024-02-12,comparasoftware2,1,0.0
2024-02-12,ctv,43,408357.4821893444
2024-02-12,dbm_display,73,658216.7642483119
2024-02-12,dbm_display_remarketing,5,0.0
2024-02-12,dbm_video,12,2376.0
2024-02-12,dpm,9,76540.544990382
2024-02-12,facebook,5,1152.0
2024-02-12,facebookrefunneling,1,0.0
2024-02-12,getapp,5,29013.517997560804
2024-02-12,inf,1,0.0
2024-02-12,instagram,2,0.0
2024-02-12,instagramremarketing,1,0.0
2024-02-12,kevinstratvert,1,29108.1437800608
2024-02-12,linkedin_acq,2,1472.0000000000002
2024-02-12,mb,3,2400.0
2024-02-12,mobile_app_organic_install,91,194840.48438479545
2024-02-12,msteams_partnership_integration,11,47547.07554546546
2024-02-12,mvf,4,1728.0
2024-02-12,natural_intelligence,43,59776.40455116298
2024-02-12,non_marketing_untracked_traffic,2,5724.0
2024-02-12,notification,2,0.0
2024-02-12,organic_search,138,718055.4315526151
2024-02-12,pandora,17,19339.727534748003
2024-02-12,partner,37,5760.0
2024-02-12,partnerstack,39,91828.4430600764
2024-02-12,podcast,15,38448.2965104036
2024-02-12,product,1,12002.072778024924
2024-02-12,quora_ads,3,2022.0
2024-02-12,reddit_ads,6,22637.114399856
2024-02-12,referral_install_app_install,1,3420.0
2024-02-12,seo,61,285090.76333272253
2024-02-12,seperia,3,0.0
2024-02-12,softwareadvice,1,0.0
2024-02-12,sourceforge,1,0.0
2024-02-12,technologyadvice,1,4320.0
2024-02-12,traffic_point,4,0.0
2024-02-12,virality,1,4675.0
2024-02-12,xandr,6,37926.233943759
2024-02-12,zendesk,1,0.0
2024-02-19,adwordsbrand,247,837327.9452877071
2024-02-19,adwordslocals,50,143893.21006912348
2024-02-19,adwordsmobile,4,0.0
2024-02-19,adwordsremarketing,1,0.0
2024-02-19,adwordssearch,259,859271.6101005794
2024-02-19,adwordsverticals,1,105600.0
2024-02-19,adwordsyoutube,121,445967.79952807643
2024-02-19,adwordsyoutubemobile,1,139800.0
2024-02-19,apple_search_ads_app_install,10,17544.0
2024-02-19,bing,31,120737.96740143673
2024-02-19,bing_native,1,0.0
2024-02-19,bingbrand,23,34326.46116457552
2024-02-19,binglocals,6,97197.8912608704
2024-02-19,bingsyndicate,1,0.0
2024-02-19,braze,1,0.0
2024-02-19,buysellads,2,0.0
2024-02-19,capterra,12,94622.59915075215
2024-02-19,compare_gmbh,3,0.0
2024-02-19,crmorg,2,14791.260770853598
2024-02-19,ctv,67,446001.5883798498
2024-02-19,cx_nlp_contactsales_pricing,1,0.0
2024-02-19,cx_nlp_contactsales_webinars,1,0.0
2024-02-19,dbm_display,69,545470.1584201712
2024-02-19,dbm_display_remarketing,3,98.0
2024-02-19,dbm_video,14,105112.36779291023
2024-02-19,dpm,1,0.0
2024-02-19,facebook,1,0.0
2024-02-19,financesonline,1,11520.0
2024-02-19,getapp,6,51779.52415450142
2024-02-19,instagram,1,36935.0
2024-02-19,kevinstratvert,1,0.0
2024-02-19,linkedin_acq,2,42158.85229929638
2024-02-19,mb,7,0.0
2024-02-19,mobile_app_organic_install,71,112418.82513839728
2024-02-19,msteams_partnership_integration,8,24041.5732148256
2024-02-19,mvf,15,140580.11946195058
2024-02-19,natural_intelligence,40,87145.80368312
2024-02-19,non_marketing_untracked_traffic,6,0.0
2024-02-19,notification,4,24506.9846642016
2024-02-19,organic_search,141,776776.6544766038
2024-02-19,outbrain,1,0.0
2024-02-19,pandora,15,93091.9188345162
2024-02-19,partner,32,80890.6344426116
2024-02-19,partnerstack,38,160736.0
2024-02-19,podcast,6,15183.22171122
2024-02-19,product,1,0.0
2024-02-19,quora_ads,6,10440.0
2024-02-19,reddit_ads,4,20904.0
2024-02-19,referral_install_app_install,1,0.0
2024-02-19,seo,68,300998.3367227515
2024-02-19,seperia,3,19723.932077652
2024-02-19,technologyadvice,4,648.0
2024-02-19,traffic_point,3,0.0
2024-02-19,virality,2,0.0
2024-02-19,webinars and trainings,1,0.0
2024-02-19,xandr,3,0.0
2024-02-26,adwordsbrand,254,997412.4191939132
2024-02-26,adwordslocals,39,149443.41972844914
2024-02-26,adwordsmobile,10,21138.706546164
2024-02-26,adwordsremarketing,1,0.0
2024-02-26,adwordssearch,257,816930.4483245211
2024-02-26,adwordsyoutube,92,526300.4051030966
2024-02-26,apple_search_ads_app_install,5,3040.0
2024-02-26,appvizer,1,0.0
2024-02-26,bing,25,149152.41660659126
2024-02-26,bing_native,1,0.0
2024-02-26,bingbrand,28,132766.11061392853
2024-02-26,binglocals,4,117524.0688826144
2024-02-26,bingsyndicate,1,73920.0
2024-02-26,business.com,1,0.0
2024-02-26,buysellads,2,12945.6477988101
2024-02-26,capterra,6,32468.1245758224
2024-02-26,codeur,1,0.0
2024-02-26,compare_gmbh,1,69410.0
2024-02-26,crmorg,1,0.0
2024-02-26,ctv,55,273569.7463691605
2024-02-26,dbm_display,53,230460.05471265633
2024-02-26,dbm_display_remarketing,2,167851.1678973936
2024-02-26,dbm_video,14,139727.06237681437
2024-02-26,dpm,7,119477.6243792772
2024-02-26,email,1,0.0
2024-02-26,facebook,9,40902.0
2024-02-26,footer,1,0.0
2024-02-26,getapp,3,0.0
2024-02-26,hs_automation,1,0.0
2024-02-26,instagram,4,0.0
2024-02-26,kevinstratvert,5,4462.0
2024-02-26,linkedin_acq,3,30960.0
2024-02-26,lp,1,2280.0
2024-02-26,mb,6,48571.073489887596
2024-02-26,mobile_app_organic_install,90,227110.78174506282
2024-02-26,msteams_partnership_integration,7,34921.64006681433
2024-02-26,mvf,8,58301.7036544138
2024-02-26,natural_intelligence,32,124683.1318475115
2024-02-26,non_marketing_untracked_traffic,5,4292.0
2024-02-26,notification,3,0.0
2024-02-26,organic_search,125,686639.156176277
2024-02-26,pandora,8,91352.32012017719
2024-02-26,partner,15,167037.90707372507
2024-02-26,partnerstack,34,202362.68131052592
2024-02-26,podcast,5,13200.0
2024-02-26,quora_ads,2,0.0
2024-02-26,reddit_ads,3,0.0
2024-02-26,referral_install_app_install,2,7010.0
2024-02-26,seo,60,700868.9605618734
2024-02-26,social,1,0.0
2024-02-26,stackadapt,1,0.0
2024-02-26,technologyadvice,2,0.0
2024-02-26,traffic_point,2,0.0
2024-02-26,trial_flow,1,0.0
2024-02-26,virality,2,5100.0
2024-02-26,xandr,4,1368.0
2024-03-04,adwordsbrand,240,988702.0679746467
2024-03-04,adwordslocals,40,137671.51289112872
2024-03-04,adwordsmobile,5,17040.0
2024-03-04,adwordssearch,261,1036795.5106078635
2024-03-04,adwordsyoutube,110,472826.2511506318
2024-03-04,apple_search_ads_app_install,8,0.0
2024-03-04,bing,36,138537.52782494534
2024-03-04,bingbrand,22,138700.2182852776
2024-03-04,binglocals,3,10715.0
2024-03-04,braze,1,0.0
2024-03-04,business.com,1,0.0
2024-03-04,buysellads,4,0.0
2024-03-04,capterra,17,66465.06073623357
2024-03-04,compare_gmbh,3,0.0
2024-03-04,ctv,45,205548.8185143308
2024-03-04,dbm_display,74,390301.78063705936
2024-03-04,dbm_display_remarketing,1,0.0
2024-03-04,dbm_video,14,118700.06198536651
2024-03-04,dpm,8,137543.6033565552
2024-03-04,facebook,6,105727.2316375968
2024-03-04,facebookremarketing,2,23960.0
2024-03-04,getapp,2,0.0
2024-03-04,instagram,2,0.0
2024-03-04,kevinstratvert,1,3420.0
2024-03-04,mb,6,10050.0
2024-03-04,mobile_app_organic_install,94,212053.5592437234
2024-03-04,msteams_partnership_integration,7,34970.239997936005
2024-03-04,mvf,10,31147.4055591675
2024-03-04,natural_intelligence,41,217605.8566851895
2024-03-04,non_marketing_untracked_traffic,3,0.0
2024-03-04,notification,4,5700.0
2024-03-04,organic_search,142,370200.9568860269
2024-03-04,pandora,16,72493.8577332
2024-03-04,partner,13,52167.288825436786
2024-03-04,partnerstack,41,135572.2084465928
2024-03-04,podcast,2,0.0
2024-03-04,quora_ads,1,0.0
2024-03-04,reddit_ads,6,1103.8689124632
2024-03-04,seo,68,212770.5454570045
2024-03-04,seperia,2,36253.66909225752
2024-03-04,sourceforge,2,28498.859996904
2024-03-04,spotify,1,0.0
2024-03-04,stackadapt,3,5700.0
2024-03-04,technologyadvice,6,3420.0
2024-03-04,traffic_point,4,0.0
2024-03-04,virality,2,6240.0
2024-03-04,xandr,5,11400.0
2024-03-11,adwords,1,1800.0
2024-03-11,adwordsbrand,227,893517.1096401892
2024-03-11,adwordslocals,40,383161.84819121833
2024-03-11,adwordsmobile,4,0.0
2024-03-11,adwordsrefunneling,1,0.0
2024-03-11,adwordssearch,238,866475.2542484859
2024-03-11,adwordsyoutube,113,446194.82169279025
2024-03-11,apple_search_ads,2,12600.0
2024-03-11,apple_search_ads_app_install,8,4560.0
2024-03-11,appvizer,1,0.0
2024-03-11,bing,37,276787.98692372354
2024-03-11,bingbrand,31,231059.8198555938
2024-03-11,binglocals,6,24461.98698587716
2024-03-11,braze,3,16466.0
2024-03-11,buysellads,1,0.0
2024-03-11,capterra,11,162135.86744444445
2024-03-11,compare_gmbh,1,0.0
2024-03-11,crmorg,1,0.0
2024-03-11,ctv,38,228842.50372391552
2024-03-11,dbm_display,70,378153.1344713855
2024-03-11,dbm_display_refunneling,1,620.0
2024-03-11,dbm_display_remarketing,1,0.0
2024-03-11,dbm_video,6,10480.4641342464
2024-03-11,dpm,6,109391.32641222741
2024-03-11,dv_online_marketing,1,0.0
2024-03-11,facebook,5,3420.0
2024-03-11,getapp,3,25174.6684949448
2024-03-11,instagram,1,44005.0
2024-03-11,linkedin_acq,2,0.0
2024-03-11,lp,1,0.0
2024-03-11,mb,6,39869.75145355599
2024-03-11,mobile_app_organic_install,75,118806.0
2024-03-11,msteams_partnership_integration,10,31592.886914490722
2024-03-11,mvf,14,34260.3171934656
2024-03-11,natural_intelligence,59,173886.64895638917
2024-03-11,non_marketing_untracked_traffic,7,63220.20193916634
2024-03-11,notification,3,0.0
2024-03-11,organic_search,131,487287.434530619
2024-03-11,outbrain,1,42936.074138755976
2024-03-11,outbrainremarketing,1,0.0
2024-03-11,pandora,12,61104.053515558684
2024-03-11,partner,12,7828.303012779
2024-03-11,partnerstack,30,101426.14602233536
2024-03-11,podcast,1,0.0
2024-03-11,project-management.com,1,0.0
2024-03-11,quora_ads,2,0.0
2024-03-11,reddit_ads,3,0.0
2024-03-11,seo,63,397849.3673535108
2024-03-11,seperia,3,0.0
2024-03-11,sourceforge,1,0.0
2024-03-11,stackadapt,4,0.0
2024-03-11,taboola,1,0.0
2024-03-11,technologyadvice,2,0.0
2024-03-11,traffic_point,1,0.0
2024-03-11,virality,5,10224.0
2024-03-11,xandr,2,0.0
2024-03-18,adwordsbrand,249,1105408.5782485628
2024-03-18,adwordslocals,45,204634.22041872714
2024-03-18,adwordsmobile,1,10636.536944222998
2024-03-18,adwordssearch,274,969607.9016935996
2024-03-18,adwordsyoutube,101,338738.3864031784
2024-03-18,apple_search_ads_app_install,11,936.0000000000001
2024-03-18,appvizer,2,0.0
2024-03-18,bing,29,193150.19986038492
2024-03-18,bingbrand,28,42977.606078833
2024-03-18,binglocals,1,0.0
2024-03-18,bingsyndicate,1,0.0
2024-03-18,braze,2,17580.2780159952
2024-03-18,buysellads,1,0.0
2024-03-18,capterra,11,104551.33396582294
2024-03-18,compare_gmbh,1,0.0
2024-03-18,crmorg,1,36936.5368861944
2024-03-18,ctv,56,331037.98767056584
2024-03-18,dbm_display,76,309895.863286565
2024-03-18,dbm_video,6,64442.042003988
2024-03-18,dpm,5,29120.351779408
2024-03-18,facebook,8,42149.30925979094
2024-03-18,getapp,3,0.0
2024-03-18,google,1,0.0
2024-03-18,hs_email,1,0.0
2024-03-18,instagram,4,0.0
2024-03-18,kevinstratvert,2,0.0
2024-03-18,mb,7,3832.0000000000005
2024-03-18,mobile_app_organic_install,64,140726.95783514882
2024-03-18,msteams_partnership_integration,11,76887.8717946612
2024-03-18,mvf,9,17428.145755917
2024-03-18,natural_intelligence,50,207311.66190882545
2024-03-18,naverbs,1,0.0
2024-03-18,non_marketing_untracked_traffic,4,0.0
2024-03-18,notification,1,9470.906893896
2024-03-18,organic_search,144,1123379.488443183
2024-03-18,outbrain,1,4560.0
2024-03-18,pandora,6,10911.958800402957
2024-03-18,partner,15,29767.42044114432
2024-03-18,partnerstack,29,96056.6971598216
2024-03-18,podcast,2,0.0
2024-03-18,project-management.com,1,0.0
2024-03-18,quora_ads,6,29760.0
2024-03-18,reddit_ads,3,0.0
2024-03-18,seo,70,424256.5966779406
2024-03-18,seperia,4,864.0
2024-03-18,spotify,1,0.0
2024-03-18,stackadapt,2,0.0
2024-03-18,technologyadvice,3,23993.08397410254
2024-03-18,traffic_point,1,0.0
2024-03-18,twitter_desktop,1,0.0
2024-03-18,virality,3,0.0
2024-03-18,xandr,5,88440.0
2024-03-25,adwordsbrand,246,943254.5988288755
2024-03-25,adwordslocals,29,130943.39833888854
2024-03-25,adwordsmobile,4,13806.000000000002
2024-03-25,adwordsremarketing,1,0.0
2024-03-25,adwordssearch,230,863698.7969301584
2024-03-25,adwordsyoutube,80,526651.2993698377
2024-03-25,adwordsyoutubeawrns,1,0.0
2024-03-25,adwordsyoutuberemarketing,1,0.0
2024-03-25,amazon_display,3,0.0
2024-03-25,apple_search_ads_app_install,4,8140.0
2024-03-25,appvizer,1,0.0
2024-03-25,banner,1,0.0
2024-03-25,bing,31,117789.32373546
2024-03-25,bingbrand,24,83978.35859284307
2024-03-25,binglocals,2,21367.7874333528
2024-03-25,bingsyndicate,1,0.0
2024-03-25,braze,1,0.0
2024-03-25,buysellads,2,0.0
2024-03-25,capterra,12,59005.227876966004
2024-03-25,ctv,39,75127.6969192775
2024-03-25,dbm_display,59,199411.33485760223
2024-03-25,dbm_video,13,146985.831637928
2024-03-25,dpm,9,0.0
2024-03-25,facebook,4,0.0
2024-03-25,getapp,3,44160.0
2024-03-25,impact,1,0.0
2024-03-25,mb,9,163791.26850280352
2024-03-25,mobile_app_organic_install,77,168968.25149842794
2024-03-25,msteams_partnership_integration,7,55840.060928544
2024-03-25,mvf,9,1440.0
2024-03-25,natural_intelligence,45,212217.7034321929
2024-03-25,non_marketing_untracked_traffic,1,90.0
2024-03-25,notification,1,0.0
2024-03-25,organic_search,127,480919.9738729234
2024-03-25,outbrain,1,0.0
2024-03-25,pandora,4,29829.033067796
2024-03-25,partner,33,174993.0255596661
2024-03-25,partnerstack,26,138915.52776445038
2024-03-25,podcast,4,3810.0
2024-03-25,reddit_ads,2,0.0
2024-03-25,seo,44,260803.7344521753
2024-03-25,seperia,2,0.0
2024-03-25,stackadapt,2,25200.0
2024-03-25,technologyadvice,4,0.0
2024-03-25,trade_desk_display,3,35368.8641726544
2024-03-25,traffic_point,3,0.0
2024-03-25,twitter_ads,1,0.0
2024-03-25,virality,4,0.0
2024-03-25,xandr,5,4560.0
2024-04-01,adwordsbrand,291,1257278.4290111565
2024-04-01,adwordslocals,48,240883.2550547811
2024-04-01,adwordsmobile,4,0.0
2024-04-01,adwordssearch,250,1246555.1098776103
2024-04-01,adwordsverticals,1,0.0
2024-04-01,adwordsyoutube,111,1056802.287541276
2024-04-01,adwordsyoutubeawrns,1,0.0
2024-04-01,adwordsyoutuberemarketing,1,4560.0
2024-04-01,amazon_display,5,6000.0
2024-04-01,apple_search_ads_app_install,5,0.0
2024-04-01,appvizer,2,0.0
2024-04-01,bing,25,58833.501099640824
2024-04-01,bingbrand,30,190896.37751641677
2024-04-01,binglocals,3,27513.510211747198
2024-04-01,braze,2,41795.0
2024-04-01,buysellads,2,21761.6500871922
2024-04-01,capterra,9,177552.0
2024-04-01,codeur,1,17088.0
2024-04-01,compare_gmbh,1,0.0
2024-04-01,ctv,32,145783.84274646238
2024-04-01,dbm_display,74,276959.99183165794
2024-04-01,dbm_display_remarketing,3,618.7049092516601
2024-04-01,dbm_video,5,34624.0
2024-04-01,dpm,3,0.0
2024-04-01,dribbble,1,0.0
2024-04-01,facebook,11,71211.71941446984
2024-04-01,facebookpage,1,0.0
2024-04-01,facebookremarketing,1,0.0
2024-04-01,footer,1,0.0
2024-04-01,getapp,4,2655.0
2024-04-01,hubspot,1,5040.0
2024-04-01,impact,1,0.0
2024-04-01,instagram,1,12062.0
2024-04-01,kevinstratvert,1,0.0
2024-04-01,linkedin_acq,1,8460.0
2024-04-01,mb,8,3600.0
2024-04-01,mobile_app_organic_install,76,164328.63864072115
2024-04-01,msteams_partnership_integration,4,1368.0
2024-04-01,mvf,16,37610.2653176208
2024-04-01,natural_intelligence,58,228323.77273799613
2024-04-01,newsletter,1,0.0
2024-04-01,non_marketing_untracked_traffic,3,47160.0
2024-04-01,notification,2,211200.0
2024-04-01,organic_search,135,522389.48153063754
2024-04-01,outbrain,2,30762.000000000004
2024-04-01,pandora,1,0.0
2024-04-01,partner,8,17281.504417817174
2024-04-01,partnerstack,21,57216.0
2024-04-01,podcast,1,3600.0
2024-04-01,quora_ads,5,26917.9528503832
2024-04-01,reddit_ads,8,35699.7397457712
2024-04-01,referral_install_app_install,1,0.0
2024-04-01,rokt,1,11400.0
2024-04-01,seo,58,364370.66325333697
2024-04-01,seperia,3,2160.0
2024-04-01,sourceforge,1,4593.1442502636
2024-04-01,stackadapt,2,0.0
2024-04-01,technologyadvice,4,2280.0
2024-04-01,trade_desk_display,1,0.0
2024-04-01,virality,4,10982.2599883728
2024-04-01,xandr,2,11400.0
2024-04-08,adwordsbrand,259,1126145.761041936
2024-04-08,adwordslocals,39,244464.52240261302
2024-04-08,adwordsmobile,6,2280.0
2024-04-08,adwordssearch,239,927120.1140252188
2024-04-08,adwordsyoutube,102,484118.40564005636
2024-04-08,amazon_display,9,12842.703759339
2024-04-08,apple_search_ads,1,12480.0
2024-04-08,apple_search_ads_app_install,8,23504.3375999382
2024-04-08,appvizer,1,0.0
2024-04-08,bing,33,316610.54167563457
2024-04-08,bingbrand,22,160329.86401325083
2024-04-08,binglocals,3,2300.0
2024-04-08,bingsyndicate,1,0.0
2024-04-08,braze,4,0.0
2024-04-08,buysellads,4,0.0
2024-04-08,capterra,20,77016.5909917528
2024-04-08,compare_gmbh,2,0.0
2024-04-08,ctv,28,217811.6114738696
2024-04-08,cx_nlp_contactsales_webinars,1,0.0
2024-04-08,dbm_display,78,607050.9416853443
2024-04-08,dbm_video,10,51627.9271225758
2024-04-08,dpm,9,63701.8020768048
2024-04-08,facebook,6,16800.0
2024-04-08,financesonline,1,52800.0
2024-04-08,g2crowd,1,0.0
2024-04-08,getapp,4,0.0
2024-04-08,hs_email,1,0.0
2024-04-08,instagram,5,2470.0
2024-04-08,kevinstratvert,2,0.0
2024-04-08,lp,1,0.0
2024-04-08,mb,5,3264.0
2024-04-08,mobile_app_organic_install,61,294268.5430054107
2024-04-08,msteams_partnership_integration,6,99962.49460371808
2024-04-08,mvf,6,46869.24520076267
2024-04-08,natural_intelligence,60,185518.07271542423
2024-04-08,non_marketing_untracked_traffic,6,0.0
2024-04-08,notification,2,10560.0
2024-04-08,organic_search,141,803934.1988165074
2024-04-08,outbrain,1,14976.000000000002
2024-04-08,partner,12,73996.83577118481
2024-04-08,partnerstack,36,92764.8641045104
2024-04-08,podcast,1,4800.0
2024-04-08,quora_ads,1,22800.0
2024-04-08,reddit_ads,7,25080.0
2024-04-08,seo,47,357892.3913299062
2024-04-08,seperia,7,34204.6090970712
2024-04-08,softwareadvice,1,5670.0
2024-04-08,stackadapt,2,0.0
2024-04-08,technologyadvice,2,32173.807082445
2024-04-08,trade_desk_display,5,31200.0
2024-04-08,traffic_point,3,22962.0
2024-04-08,virality,2,0.0
2024-04-08,xandr,4,21724.0246155282
2024-04-15,adwordsbrand,259,1330644.9869948332
2024-04-15,adwordslocals,50,407559.1600488266
2024-04-15,adwordsmobile,2,0.0
2024-04-15,adwordsremarketing,1,0.0
2024-04-15,adwordssearch,275,1109084.9668022254
2024-04-15,adwordsyoutube,89,1322071.794473912
2024-04-15,amazon_display,3,10080.0
2024-04-15,apple_search_ads_app_install,2,0.0
2024-04-15,bing,39,407835.3415783578
2024-04-15,bingbrand,35,198063.09134689384
2024-04-15,binglocals,6,16486.554232319962
2024-04-15,buysellads,1,0.0
2024-04-15,capterra,6,360.0
2024-04-15,compare_gmbh,1,0.0
2024-04-15,crmorg,2,0.0
2024-04-15,ctv,32,279447.355229751
2024-04-15,cx_nlp_contactsales_webinars,1,0.0
2024-04-15,dbm_display,65,241989.54533202853
2024-04-15,dbm_display_refunneling,2,0.0
2024-04-15,dbm_display_remarketing,3,5700.0
2024-04-15,dbm_video,8,22620.8849952524
2024-04-15,dpm,5,48988.0728622596
2024-04-15,facebook,9,176976.23253885665
2024-04-15,getapp,4,0.0
2024-04-15,google,1,0.0
2024-04-15,hs_automation,1,0.0
2024-04-15,instagram,1,0.0
2024-04-15,kevinstratvert,2,0.0
2024-04-15,mb,8,64434.5807847791
2024-04-15,mobile_app_organic_install,73,112149.35783159139
2024-04-15,msteams_partnership_integration,7,20460.728860614
2024-04-15,mvf,9,22567.183024193997
2024-04-15,natural_intelligence,75,349102.999088124
2024-04-15,non_marketing_untracked_traffic,6,42122.183383022326
2024-04-15,organic_search,123,362121.0973639857
2024-04-15,pandora,1,14099.0306645475
2024-04-15,partner,12,97454.3788859744
2024-04-15,partnerstack,32,33009.770780234714
2024-04-15,quora_ads,3,32693.823550872
2024-04-15,reddit_ads,8,43680.0
2024-04-15,seo,65,392318.29853581893
2024-04-15,seperia,2,18515.127837876
2024-04-15,social,1,0.0
2024-04-15,sourceforge,1,21216.0
2024-04-15,stackadapt,2,6840.0
2024-04-15,technologyadvice,3,30640.0794088878
2024-04-15,trade_desk_display,2,54091.3273476288
2024-04-15,traffic_point,1,0.0
2024-04-15,virality,4,1550.0
2024-04-15,xandr,3,17485.416441207
2024-04-22,adwordsbrand,264,1281215.0552126167
2024-04-22,adwordslocals,48,160064.86972940637
2024-04-22,adwordsmobile,8,13309.1791971102
2024-04-22,adwordsremarketing,1,0.0
2024-04-22,adwordssearch,264,1069760.490524232
2024-04-22,adwordsverticals,1,25476.000000000004
2024-04-22,adwordsyoutube,80,356691.8243818733
2024-04-22,adwordsyoutubemobile,1,0.0
2024-04-22,amazon_display,10,37269.4392861336
2024-04-22,apple_search_ads_app_install,5,0.0
2024-04-22,appvizer,2,0.0
2024-04-22,bing,31,177403.12599344723
2024-04-22,bingbrand,19,135005.88538874462
2024-04-22,binglocals,4,30680.577334212
2024-04-22,bingsyndicate,2,109200.0
2024-04-22,braze,1,17580.2780159952
2024-04-22,buysellads,1,1660.0
2024-04-22,capterra,13,31372.92385596953
2024-04-22,codeur,1,8584.0
2024-04-22,compare_gmbh,2,0.0
2024-04-22,ctv,46,210158.42403231913
2024-04-22,dbm_display,74,476813.2681786033
2024-04-22,dbm_display_remarketing,1,0.0
2024-04-22,dbm_video,10,35384.15892920041
2024-04-22,dpm,14,0.0
2024-04-22,email,1,0.0
2024-04-22,facebook,4,0.0
2024-04-22,financesonline,1,6294.000000000001
2024-04-22,footer,1,20344.401922839344
2024-04-22,g2crowd,1,0.0
2024-04-22,getapp,3,23589.439286133602
2024-04-22,google,1,6024.0
2024-04-22,instagram,2,5700.0
2024-04-22,kevinstratvert,2,26843.96289605184
2024-04-22,linkedin_acq,3,0.0
2024-04-22,mb,5,28730.11383659257
2024-04-22,mobile_app_organic_install,69,136826.2336725886
2024-04-22,msteams_partnership_integration,8,62227.004526845856
2024-04-22,mvf,7,8089.893754320479
2024-04-22,natural_intelligence,51,327179.2793876701
2024-04-22,nieuwsbrief critical mass,1,0.0
2024-04-22,non_marketing_untracked_traffic,1,23589.439286133602
2024-04-22,notification,3,0.0
2024-04-22,organic_search,132,520190.33811501175
2024-04-22,partner,19,170585.70420388156
2024-04-22,partnerstack,34,96916.16137123201
2024-04-22,project-management.com,1,0.0
2024-04-22,quora_ads,1,0.0
2024-04-22,reddit_ads,9,5700.0
2024-04-22,rokt,1,0.0
2024-04-22,seo,57,216397.89678809082
2024-04-22,seperia,2,11624.0
2024-04-22,stackadapt,3,0.0
2024-04-22,technologyadvice,2,0.0
2024-04-22,trade_desk_display,5,27558.765790238398
2024-04-22,traffic_point,2,0.0
2024-04-22,virality,5,379714.807723526
2024-04-22,xandr,3,2280.0
2024-04-29,adwordsbrand,229,1443932.631314201
2024-04-29,adwordslocals,34,167982.9652143588
2024-04-29,adwordsmobile,1,0.0
2024-04-29,adwordsrefunneling,1,6359.142664593279
2024-04-29,adwordssearch,233,680067.2172575402
2024-04-29,adwordsverticals,1,0.0
2024-04-29,adwordsyoutube,92,358189.6394877427
2024-04-29,amazon_display,10,66605.00410824124
2024-04-29,apple_search_ads_app_install,8,6780.0
2024-04-29,appvizer,3,2340.0
2024-04-29,bing,39,153566.1343554469
2024-04-29,bingbrand,12,59086.8005708672
2024-04-29,binglocals,2,22588.04492914052
2024-04-29,buysellads,2,0.0
2024-04-29,capterra,11,70652.08665727929
2024-04-29,crmorg,1,0.0
2024-04-29,ctv,36,218054.8972057179
2024-04-29,dbm_display,70,346269.26355948433
2024-04-29,dbm_display_refunneling,1,0.0
2024-04-29,dbm_display_remarketing,2,0.0
2024-04-29,dbm_video,11,307526.0
2024-04-29,dpm,6,30089.74807371201
2024-04-29,facebook,4,9120.0
2024-04-29,footer,1,13818.896306065799
2024-04-29,getapp,2,29700.0
2024-04-29,hs_email,1,0.0
2024-04-29,mb,10,110389.86631631864
2024-04-29,mindix,1,0.0
2024-04-29,mobile_app_organic_install,75,544983.6016493173
2024-04-29,msteams_partnership_integration,4,61245.39624310458
2024-04-29,mvf,4,3420.0
2024-04-29,natural_intelligence,58,100286.58730707198
2024-04-29,naverbs,1,17510.6012802012
2024-04-29,non_marketing_untracked_traffic,4,26030.6415798648
2024-04-29,notification,1,0.0
2024-04-29,organic_search,112,510319.8845215409
2024-04-29,outbrain,1,6240.0
2024-04-29,pandora,1,15492.553099056
2024-04-29,partner,11,5700.0
2024-04-29,partnersta,1,0.0
2024-04-29,partnerstack,43,165856.86676777733
2024-04-29,podcast,5,89365.0
2024-04-29,reddit_ads,5,3420.0
2024-04-29,rokt,1,0.0
2024-04-29,seo,62,315412.9242262624
2024-04-29,seperia,1,0.0
2024-04-29,spotify,1,0.0
2024-04-29,stackadapt,3,3420.0
2024-04-29,trade_desk_display,4,6571.2826386816005
2024-04-29,trial_flow,1,0.0
2024-04-29,virality,1,0.0
2024-04-29,xandr,3,18720.0
2024-05-06,adwordsbrand,226,1448346.688185818
2024-05-06,adwordslocals,36,42702.049544889596
2024-05-06,adwordsmobile,8,0.0
2024-05-06,adwordsngo,1,27558.895760864998
2024-05-06,adwordsremarketing,1,0.0
2024-05-06,adwordssearch,268,1144087.111883525
2024-05-06,adwordsyoutube,83,519079.36681737617
2024-05-06,amazon_display,9,5700.0
2024-05-06,apple_search_ads_app_install,5,6512.0
2024-05-06,appvizer,1,10657.66202784168
2024-05-06,bing,36,132572.0721791504
2024-05-06,bingbrand,21,89643.45745533789
2024-05-06,binglocals,5,82368.00000000001
2024-05-06,braze,1,0.0
2024-05-06,buysellads,1,49920.0
2024-05-06,capterra,13,81862.90262321386
2024-05-06,compare_gmbh,1,0.0
2024-05-06,ctv,31,180364.7055527756
2024-05-06,dbm_display,70,151300.32319281955
2024-05-06,dbm_video,2,48019.0
2024-05-06,dpm,4,0.0
2024-05-06,facebook,4,0.0
2024-05-06,g2crowd,1,0.0
2024-05-06,getapp,2,0.0
2024-05-06,instagram,1,0.0
2024-05-06,kevinstratvert,8,49975.213241422796
2024-05-06,linkedin_acq,1,0.0
2024-05-06,mb,8,101769.8423930624
2024-05-06,mobile_app_organic_install,57,130834.05757151385
2024-05-06,msteams_partnership_integration,10,62827.643732898825
2024-05-06,mvf,13,83920.0
2024-05-06,natural_intelligence,62,201641.06196775835
2024-05-06,non_marketing_untracked_traffic,2,0.0
2024-05-06,notification,3,0.0
2024-05-06,organic_search,124,355040.45044671145
2024-05-06,outbrain,1,0.0
2024-05-06,pandora,10,61827.485163252
2024-05-06,partner,8,5595.7479287224
2024-05-06,partnerstack,39,181395.8290587577
2024-05-06,podcast,15,864.0
2024-05-06,project-management.com,1,0.0
2024-05-06,quora_ads,6,864.0
2024-05-06,reddit_ads,9,0.0
2024-05-06,seo,69,333177.8757963666
2024-05-06,seperia,2,0.0
2024-05-06,stackadapt,2,0.0
2024-05-06,technologyadvice,3,2160.0
2024-05-06,traffic_point,3,0.0
2024-05-06,trial_flow,1,0.0
2024-05-06,virality,4,20770.0
2024-05-06,xandr,1,0.0
2024-05-13,adwordsbrand,247,740920.4997307655
2024-05-13,adwordslocals,43,91662.615228302
2024-05-13,adwordsmobile,4,0.0
2024-05-13,adwordsremarketing,1,18476.613255482574
2024-05-13,adwordssearch,228,909659.5958864932
2024-05-13,adwordsyoutube,105,231771.6079282584
2024-05-13,adwordsyoutuberemarketing,2,0.0
2024-05-13,amazon_display,5,12480.0
2024-05-13,apple_search_ads,1,0.0
2024-05-13,apple_search_ads_app_install,6,0.0
2024-05-13,appvizer,1,18510.0
2024-05-13,bing,34,89630.0445000478
2024-05-13,bingbrand,33,106923.80555347004
2024-05-13,binglocals,5,40742.14619429293
2024-05-13,braze,4,33360.0
2024-05-13,buysellads,1,0.0
2024-05-13,capterra,15,107710.19162669349
2024-05-13,compare_gmbh,2,2280.0
2024-05-13,crmorg,1,0.0
2024-05-13,ctv,35,118312.6688978409
2024-05-13,dbm_display,46,127720.886602724
2024-05-13,dbm_display_refunneling,1,0.0
2024-05-13,dbm_display_remarketing,1,0.0
2024-05-13,dbm_video,9,21204.3737759841
2024-05-13,dpm,10,73574.00720408352
2024-05-13,facebook,11,23309.84604682092
2024-05-13,getapp,2,3360.0
2024-05-13,instagram,1,0.0
2024-05-13,linkedin,1,2280.0
2024-05-13,linkedin_acq,1,0.0
2024-05-13,mb,8,4800.0
2024-05-13,mobile_app_organic_install,86,184256.95035935263
2024-05-13,msteams_partnership_integration,6,30772.852736957102
2024-05-13,mvf,5,37062.595509553605
2024-05-13,natural_intelligence,67,181957.72075405592
2024-05-13,non_marketing_untracked_traffic,5,117435.069247152
2024-05-13,notification,1,0.0
2024-05-13,organic_search,146,548454.7397805827
2024-05-13,outbrain,1,0.0
2024-05-13,pandora,10,55712.978198196
2024-05-13,partner,21,59366.18037034299
2024-05-13,partnerstack,43,156772.00481814437
2024-05-13,podcast,8,38838.232948934994
2024-05-13,project-management.com,1,13634.5863447066
2024-05-13,quora_ads,2,2296.7171213992
2024-05-13,reddit_ads,5,2740.0
2024-05-13,referral_install_app_install,1,0.0
2024-05-13,rokt,1,0.0
2024-05-13,seo,54,214756.1692065596
2024-05-13,seperia,7,72168.0
2024-05-13,social,1,15291.085604760001
2024-05-13,social?utm_medium=youtube hpv,1,0.0
2024-05-13,spotify,1,56160.0
2024-05-13,stackoverflow,1,0.0
2024-05-13,technologyadvice,6,88868.86445085
2024-05-13,trade_desk_display,5,58682.81255009161
2024-05-13,traffic_point,2,0.0
2024-05-13,virality,2,0.0
2024-05-13,xandr,2,5700.0
2024-05-20,adwordsbrand,230,597779.4701205109
2024-05-20,adwordslocals,36,96385.92838552801
2024-05-20,adwordsmobile,4,3924.0
2024-05-20,adwordsremarketing,1,0.0
2024-05-20,adwordssearch,215,665556.91363867
2024-05-20,adwordsverticals,1,0.0
2024-05-20,adwordsyoutube,97,248204.59790462523
2024-05-20,amazon_display,8,14912.5294703733
2024-05-20,apple_search_ads,2,0.0
2024-05-20,apple_search_ads_app_install,8,2350.0
2024-05-20,banner,2,0.0
2024-05-20,bing,40,143447.30125855535
2024-05-20,bing_native,1,0.0
2024-05-20,bingbrand,15,72995.865391952
2024-05-20,binglocals,1,0.0
2024-05-20,braze,3,0.0
2024-05-20,buysellads,1,0.0
2024-05-20,capterra,14,151012.34924235498
2024-05-20,compare_gmbh,3,12801.9620573904
2024-05-20,ctv,35,261064.56658368
2024-05-20,dbm_display,63,351698.4059899395
2024-05-20,dbm_display_remarketing,1,0.0
2024-05-20,dbm_video,14,17236.271113588624
2024-05-20,dpm,9,42161.788811364946
2024-05-20,facebook,7,3306.0
2024-05-20,facebookremarketing,1,11980.0
2024-05-20,getapp,1,21312.000000000004
2024-05-20,impact,2,0.0
2024-05-20,kevinstratvert,4,15936.8750635248
2024-05-20,mb,4,45722.0
2024-05-20,mindix,2,0.0
2024-05-20,mobile_app_organic_install,62,153442.69559463946
2024-05-20,msteams_partnership_integration,13,81802.28648606602
2024-05-20,mvf,5,0.0
2024-05-20,natural_intelligence,73,133063.12224198988
2024-05-20,non_marketing_untracked_traffic,3,46200.0
2024-05-20,notification,3,0.0
2024-05-20,organic_search,118,356554.1292448501
2024-05-20,pandora,24,226653.0399053436
2024-05-20,partner,13,104190.63101642644
2024-05-20,partnerstack,39,192774.37138035306
2024-05-20,podcast,13,26520.0
2024-05-20,quora_ads,1,3390.0
2024-05-20,reddit_ads,2,0.0
2024-05-20,referral_install_app_install,1,0.0
2024-05-20,rokt,1,0.0
2024-05-20,seo,41,274472.6264447198
2024-05-20,seperia,2,0.0
2024-05-20,stackadapt,1,0.0
2024-05-20,stackoverflow,1,8562.726948942001
2024-05-20,technologyadvice,6,48533.6907962976
2024-05-20,trade_desk_display,3,0.0
2024-05-20,traffic_point,2,5100.0
2024-05-20,virality,3,0.0
2024-05-20,zendesk,1,0.0
2024-05-27,adwordsbrand,221,789764.6201265313
2024-05-27,adwordslocals,31,88938.46042916668
2024-05-27,adwordsmobile,10,37545.0
2024-05-27,adwordssearch,186,457282.1231122003
2024-05-27,adwordsverticals,1,5400.0
2024-05-27,adwordsyoutube,80,458057.6056303281
2024-05-27,amazon_display,4,0.0
2024-05-27,apple_search_ads_app_install,6,0.0
2024-05-27,appvizer,4,21863.555653645726
2024-05-27,bing,21,172149.48679340928
2024-05-27,bing_native,1,0.0
2024-05-27,bingbrand,24,174824.1535480564
2024-05-27,binglocals,1,0.0
2024-05-27,buysellads,1,0.0
2024-05-27,capterra,4,42708.350707424004
2024-05-27,ctv,19,66264.2358366147
2024-05-27,dbm_display,65,247988.90157409236
2024-05-27,dbm_display_remarketing,3,0.0
2024-05-27,dbm_video,1,0.0
2024-05-27,dpm,4,0.0
2024-05-27,email,1,0.0
2024-05-27,facebook,3,19445.0
2024-05-27,g2crowd,1,0.0
2024-05-27,getapp,3,0.0
2024-05-27,google,1,0.0
2024-05-27,linkedin_acq,1,0.0
2024-05-27,mb,5,54357.564407639045
2024-05-27,mindix,2,0.0
2024-05-27,mobile_app_organic_install,79,127747.12386700044
2024-05-27,msteams_partnership_integration,7,47957.9015805172
2024-05-27,mvf,4,0.0
2024-05-27,natural_intelligence,49,100597.71854728085
2024-05-27,non_marketing_untracked_traffic,5,0.0
2024-05-27,notification,3,0.0
2024-05-27,omr,1,0.0
2024-05-27,organic_search,111,335782.597774375
2024-05-27,pandora,10,44907.3954339168
2024-05-27,partner,23,132902.5754065392
2024-05-27,partnerstack,36,230959.2480324688
2024-05-27,podcast,7,48155.0
2024-05-27,quora_ads,3,0.0
2024-05-27,reddit_ads,2,0.0
2024-05-27,seo,49,227393.2246380307
2024-05-27,spotify,2,0.0
2024-05-27,stackadapt,2,3360.0
2024-05-27,technologyadvice,4,52975.162937803005
2024-05-27,trade_desk_display,2,3420.0
2024-05-27,traffic_point,3,0.0
2024-05-27,virality,3,2880.0
2024-05-27,xandr,1,2400.0
2024-06-03,admin_page,1,0.0
2024-06-03,adwordsbrand,229,527905.2398755925
2024-06-03,adwordsgdn,1,0.0
2024-06-03,adwordslocals,50,139553.77424509576
2024-06-03,adwordsmobile,6,0.0
2024-06-03,adwordssearch,246,933138.5303491004
2024-06-03,adwordsverticals,1,24000.0
2024-06-03,adwordsyoutube,78,478430.84814713476
2024-06-03,adwordsyoutuberemarketing,1,0.0
2024-06-03,amazon_display,6,31541.9021007636
2024-06-03,apple_search_ads_app_install,8,27960.0
2024-06-03,appvizer,1,0.0
2024-06-03,bing,23,5700.0
2024-06-03,bingbrand,28,54600.8391753015
2024-06-03,binglocals,4,23040.0
2024-06-03,braze,3,0.0
2024-06-03,buysellads,4,0.0
2024-06-03,capterra,8,24451.19637510564
2024-06-03,compare_gmbh,1,0.0
2024-06-03,cpc_audio,1,0.0
2024-06-03,crmorg,1,0.0
2024-06-03,ctv,33,224695.2262519775
2024-06-03,ctv_ttd,2,0.0
2024-06-03,dbm_display,68,94033.17462802421
2024-06-03,dbm_display_remarketing,1,0.0
2024-06-03,dbm_video,6,29897.5384750284
2024-06-03,dpm,8,42303.0
2024-06-03,email,1,0.0
2024-06-03,facebook,4,6120.0
2024-06-03,getapp,6,78084.76193010641
2024-06-03,hubspot,1,0.0
2024-06-03,impact,1,0.0
2024-06-03,instagram,1,28080.0
2024-06-03,kevinstratvert,2,0.0
2024-06-03,mb,7,20400.0
2024-06-03,mobile_app_organic_install,74,148932.12774675668
2024-06-03,msteams_partnership_integration,8,46733.4545613972
2024-06-03,mvf,10,7620.0
2024-06-03,natural_intelligence,57,224898.394713118
2024-06-03,non_marketing_untracked_traffic,3,0.0
2024-06-03,notification,4,0.0
2024-06-03,organic_search,132,885291.3998810707
2024-06-03,outbrainremarketing,1,0.0
2024-06-03,pandora,11,27360.0
2024-06-03,partner,11,2160.0
2024-06-03,partnerstack,45,45313.710641231606
2024-06-03,podcast,9,2160.0
2024-06-03,quora_ads,2,0.0
2024-06-03,reddit_ads,5,13500.0
2024-06-03,rokt,1,0.0
2024-06-03,seo,53,182598.58081597023
2024-06-03,seperia,1,0.0
2024-06-03,sourceforge,1,12938.000000000002
2024-06-03,technologyadvice,4,20545.0521820752
2024-06-03,trade_desk_display,1,0.0
2024-06-03,traffic_point,1,0.0
2024-06-03,virality,2,11400.0
2024-06-10,adobe_dsp,1,15600.0
2024-06-10,adwords,1,0.0
2024-06-10,adwordsbrand,222,675534.4897130727
2024-06-10,adwordslocals,45,154817.0300296056
2024-06-10,adwordsmobile,6,68588.70297801912
2024-06-10,adwordssearch,232,752260.1876956271
2024-06-10,adwordsyoutube,85,269522.77750351396
2024-06-10,adwordsyoutuberemarketing,1,0.0
2024-06-10,amazon_display,4,9300.0
2024-06-10,apple_search_ads_app_install,4,0.0
2024-06-10,appvizer,1,0.0
2024-06-10,bing,28,206365.56448601797
2024-06-10,bingbrand,26,215377.51226470506
2024-06-10,binglocals,4,35460.08851433839
2024-06-10,bingsyndicate,2,0.0
2024-06-10,braze,1,0.0
2024-06-10,business.com,1,18413.82280296
2024-06-10,capterra,7,29141.142672056
2024-06-10,crmorg,1,0.0
2024-06-10,ctv,39,368975.3076038832
2024-06-10,dbm_display,78,340329.1236992355
2024-06-10,dbm_video,3,0.0
2024-06-10,dpm,12,63738.1056699216
2024-06-10,facebook,7,9045.0
2024-06-10,forbes,4,0.0
2024-06-10,getapp,1,0.0
2024-06-10,google,1,85535.0
2024-06-10,hubspot,1,18896.0
2024-06-10,kevinstratvert,3,0.0
2024-06-10,linkedin_acq,3,0.0
2024-06-10,mb,5,13824.0
2024-06-10,mindix,2,22579.135607127842
2024-06-10,mobile_app_organic_install,63,161729.84748890402
2024-06-10,msteams_partnership_integration,14,35401.550298562404
2024-06-10,mvf,9,0.0
2024-06-10,natural_intelligence,55,342529.433130905
2024-06-10,non_marketing_untracked_traffic,5,36028.39492444854
2024-06-10,notification,2,8995.29962273847
2024-06-10,organic_search,123,353859.61126328347
2024-06-10,outbrain,1,7930.0
2024-06-10,outbrainremarketing,1,0.0
2024-06-10,pandora,9,30384.181833486
2024-06-10,partner,12,78048.43395823255
2024-06-10,partnerstack,31,330297.8660776665
2024-06-10,podcast,12,42805.020991407
2024-06-10,quora_ads,1,0.0
2024-06-10,reddit_ads,1,0.0
2024-06-10,seo,42,162788.29991220337
2024-06-10,seperia,2,23845.017475219196
2024-06-10,softwareadvice,1,0.0
2024-06-10,stackadapt,3,648.0
2024-06-10,technologyadvice,6,32616.205373353958
2024-06-10,trade_desk_display,1,0.0
2024-06-10,traffic_point,1,0.0
2024-06-10,usbrands,1,0.0
2024-06-10,virality,3,0.0
2024-06-10,xandr,1,0.0
2024-06-17,adwordsbrand,233,1070687.914407714
2024-06-17,adwordslocals,38,88965.46714729203
2024-06-17,adwordsmobile,7,0.0
2024-06-17,adwordsremarketing,1,0.0
2024-06-17,adwordssearch,231,866958.7899948847
2024-06-17,adwordsverticals,1,0.0
2024-06-17,adwordsyoutube,90,591799.2199600493
2024-06-17,adwordsyoutuberemarketing,3,37972.12925973244
2024-06-17,amazon_display,4,0.0
2024-06-17,amazon_music,1,0.0
2024-06-17,apple_search_ads_app_install,6,0.0
2024-06-17,appvizer,1,0.0
2024-06-17,bing,28,142034.2568057398
2024-06-17,bingbrand,26,272402.30200340605
2024-06-17,binglocals,1,0.0
2024-06-17,braze,1,0.0
2024-06-17,business.com,1,0.0
2024-06-17,buysellads,3,40305.44463847364
2024-06-17,capterra,6,60146.89626075397
2024-06-17,codeur,1,0.0
2024-06-17,crmorg,1,0.0
2024-06-17,ctv,34,140372.057920065
2024-06-17,dbm_display,76,368300.92115733883
2024-06-17,dbm_display_remarketing,1,0.0
2024-06-17,dbm_video,3,0.0
2024-06-17,dpm,10,50189.4654448425
2024-06-17,facebook,6,0.0
2024-06-17,forbes,3,4467.728687982
2024-06-17,getapp,1,864.0
2024-06-17,hubspot,1,0.0
2024-06-17,impact,1,0.0
2024-06-17,kevinstratvert,2,6720.0
2024-06-17,linkedin_acq,2,57710.06474064
2024-06-17,mb,6,2160.0
2024-06-17,mindix,3,13983.889356626201
2024-06-17,mobile_app_organic_install,75,337030.82803357416
2024-06-17,msteams_partnership_integration,7,67646.6766202728
2024-06-17,mvf,10,21233.2604194656
2024-06-17,natural_intelligence,48,293214.4852939815
2024-06-17,non_marketing_untracked_traffic,3,1440.0
2024-06-17,organic_search,106,446963.62661608466
2024-06-17,outbrain,1,0.0
2024-06-17,pandora,2,5700.0
2024-06-17,partner,9,141893.57952456333
2024-06-17,partnerstack,25,142233.47229056773
2024-06-17,platform,1,0.0
2024-06-17,podcast,7,1080.0
2024-06-17,quora_ads,2,0.0
2024-06-17,reddit_ads,6,5700.0
2024-06-17,seo,60,286713.75302732555
2024-06-17,seperia,1,0.0
2024-06-17,stackadapt,2,0.0
2024-06-17,technologyadvice,3,31800.0
2024-06-17,traffic_point,1,31322.017479732003
2024-06-17,usbrands,7,27252.900631976998
2024-06-17,virality,1,0.0
2024-06-17,xandr,1,0.0
2024-06-24,adwordsbrand,212,658755.5846552275
2024-06-24,adwordsgdn,1,21203.311239278995
2024-06-24,adwordslocals,35,96088.74461350235
2024-06-24,adwordsmobile,7,43968.398413464005
2024-06-24,adwordsremarketing,2,4234.9030455687
2024-06-24,adwordssearch,205,493068.2638328861
2024-06-24,adwordsyoutube,93,527571.1928127237
2024-06-24,adwordsyoutuberemarketing,1,5700.0
2024-06-24,amazon_display,9,18882.1364436543
2024-06-24,apple_search_ads_app_install,4,0.0
2024-06-24,appvizer,1,0.0
2024-06-24,banner,1,0.0
2024-06-24,bing,23,92562.445566222
2024-06-24,bing_native,1,0.0
2024-06-24,bingbrand,26,130962.38716178534
2024-06-24,binglocals,2,32306.057959779
2024-06-24,buysellads,1,0.0
2024-06-24,capterra,8,8568.0
2024-06-24,crmorg,1,0.0
2024-06-24,ctv,50,252447.7451158872
2024-06-24,dbm_display,79,215198.89766879193
2024-06-24,dbm_display_remarketing,3,18720.0
2024-06-24,dbm_video,2,40924.0
2024-06-24,dpm,7,40531.7469658044
2024-06-24,email,1,0.0
2024-06-24,facebook,10,117650.3738615732
2024-06-24,footer,1,13218.6180927528
2024-06-24,forbes,2,0.0
2024-06-24,getapp,1,0.0
2024-06-24,kevinstratvert,1,0.0
2024-06-24,linkedin_acq,1,34714.9136477052
2024-06-24,mb,2,0.0
2024-06-24,mindix,1,0.0
2024-06-24,mobile_app_organic_install,68,332792.9782255441
2024-06-24,msteams_partnership_integration,11,120736.367571765
2024-06-24,mvf,6,93996.21637299603
2024-06-24,natural_intelligence,24,36651.60953438352
2024-06-24,nav_help_button,1,0.0
2024-06-24,non_marketing_untracked_traffic,3,0.0
2024-06-24,notification,1,0.0
2024-06-24,organic_search,136,404965.80680861784
2024-06-24,pandora,4,38688.0
2024-06-24,partner,10,32698.8102243533
2024-06-24,partnerstack,25,56298.684455832554
2024-06-24,podcast,1,0.0
2024-06-24,quora_ads,8,47013.594287767
2024-06-24,reddit_ads,6,25874.7526702308
2024-06-24,referral_install_app_install,1,0.0
2024-06-24,seo,52,211035.90087991234
2024-06-24,seperia,3,0.0
2024-06-24,softwareadvice,1,16543.6444084934
2024-06-24,technologyadvice,3,23167.895777754
2024-06-24,trade_desk_display,3,0.0
2024-06-24,trial_flow,1,0.0
2024-06-24,usbrands,11,32640.0
2024-06-24,virality,1,0.0
2024-06-24,xandr,1,0.0
2024-07-01,adwordsbrand,244,1195458.1605146497
2024-07-01,adwordslocals,47,258232.44941173246
2024-07-01,adwordsmobile,6,66718.0
2024-07-01,adwordsrefunneling,1,0.0
2024-07-01,adwordssearch,196,695632.7999905477
2024-07-01,adwordsyoutube,87,464817.8882006306
2024-07-01,adwordsyoutuberemarketing,3,0.0
2024-07-01,amazon_display,9,35125.4293928532
2024-07-01,apple_search_ads_app_install,2,0.0
2024-07-01,appvizer,1,38430.0
2024-07-01,banner,1,0.0
2024-07-01,bing,28,259189.68901422957
2024-07-01,bingbrand,29,65560.01170222193
2024-07-01,binglocals,1,0.0
2024-07-01,bingsyndicate,1,59904.00000000001
2024-07-01,braze,1,7872.0
2024-07-01,business.com,1,0.0
2024-07-01,buysellads,2,12859.374902088
2024-07-01,capterra,14,49685.0
2024-07-01,compare_gmbh,2,0.0
2024-07-01,ctv,29,50312.587225363
2024-07-01,dbm_display,67,387885.8495143082
2024-07-01,dbm_display_remarketing,3,18720.0
2024-07-01,dbm_video,5,0.0
2024-07-01,dpm,8,15370.0
2024-07-01,dv_online_marketing,1,0.0
2024-07-01,facebook,8,0.0
2024-07-01,footer,1,0.0
2024-07-01,getapp,4,8441.865098972401
2024-07-01,hubspot,1,480.0
2024-07-01,instagram,3,0.0
2024-07-01,kevinstratvert,3,0.0
2024-07-01,linkedin_acq,1,0.0
2024-07-01,linkedin_paid,1,0.0
2024-07-01,mb,5,13119.03496538644
2024-07-01,mindix,2,34010.0
2024-07-01,mobile_app_organic_install,85,431349.15761607955
2024-07-01,msteams_partnership_integration,5,22963.91824783237
2024-07-01,mvf,14,59052.0777747288
2024-07-01,natural_intelligence,32,65497.32919968839
2024-07-01,non_marketing_untracked_traffic,3,64691.1568936048
2024-07-01,notification,1,5700.0
2024-07-01,organic_search,124,510266.68091105926
2024-07-01,pandora,1,0.0
2024-07-01,partner,11,114283.9686675781
2024-07-01,partnerstack,31,107538.722756412
2024-07-01,podcast,3,24660.36408392732
2024-07-01,quora_ads,5,50050.86327213196
2024-07-01,reddit_ads,4,0.0
2024-07-01,referral_install_app_install,2,12519.226970552449
2024-07-01,seo,56,362031.11528184614
2024-07-01,seperia,1,15912.0
2024-07-01,softwareadvice,1,0.0
2024-07-01,stackadapt,1,0.0
2024-07-01,technologyadvice,4,0.0
2024-07-01,trade_desk_display,4,0.0
2024-07-01,traffic_point,3,22984.9529285688
2024-07-01,trial_onboarding,1,25823.510648020798
2024-07-01,usbrands,7,23400.0
2024-07-01,virality,2,0.0
2024-07-01,xandr,1,0.0
2024-07-08,adwordsbrand,208,431171.5289048315
2024-07-08,adwordslocals,52,177935.3212067726
2024-07-08,adwordsmobile,2,0.0
2024-07-08,adwordssearch,243,616578.5183340876
2024-07-08,adwordsyoutube,104,293721.8109762754
2024-07-08,adwordsyoutuberemarketing,2,7380.0
2024-07-08,amazon_display,11,110756.1948208752
2024-07-08,apple_search_ads_app_install,5,2160.0
2024-07-08,bing,37,346402.22271841665
2024-07-08,bingbrand,24,203395.13707049357
2024-07-08,binglocals,3,34473.426516623935
2024-07-08,braze,2,18000.9365404014
2024-07-08,buysellads,2,0.0
2024-07-08,capterra,9,38563.450844568
2024-07-08,compare_gmbh,2,0.0
2024-07-08,crmorg,1,0.0
2024-07-08,ctv,42,253152.7714039721
2024-07-08,dbm_display,65,289572.3377618976
2024-07-08,dbm_video,2,0.0
2024-07-08,dpm,10,76080.0
2024-07-08,facebook,9,0.0
2024-07-08,getapp,5,43772.604339204
2024-07-08,impact,1,0.0
2024-07-08,instagram,2,16440.0
2024-07-08,kevinstratvert,1,0.0
2024-07-08,linkedin_acq,1,0.0
2024-07-08,mb,4,26381.36595072168
2024-07-08,mobile_app_organic_install,80,158818.3135119941
2024-07-08,msteams_partnership_integration,7,42169.3505116728
2024-07-08,mvf,6,5040.0
2024-07-08,natural_intelligence,61,129196.0145797468
2024-07-08,non_marketing_untracked_traffic,2,11878.0
2024-07-08,omr,1,0.0
2024-07-08,organic_search,133,678946.2787783209
2024-07-08,partner,16,217259.42652351293
2024-07-08,partnerstack,37,88250.59544976595
2024-07-08,podcast,1,0.0
2024-07-08,quora_ads,2,0.0
2024-07-08,reddit_ads,6,0.0
2024-07-08,seo,41,105133.69636408826
2024-07-08,seperia,3,5700.0
2024-07-08,softwareadvice,1,0.0
2024-07-08,technologyadvice,2,37735.0
2024-07-08,traffic_point,1,0.0
2024-07-08,usbrands,5,32981.475822672
2024-07-08,virality,3,2950.0
2024-07-15,adwordsbrand,224,694386.2234989037
2024-07-15,adwordslocals,42,84298.9864878036
2024-07-15,adwordsmobile,6,11270.988524187598
2024-07-15,adwordssearch,238,669785.546341494
2024-07-15,adwordsyoutube,82,257750.75873936643
2024-07-15,adwordsyoutuberemarketing,2,0.0
2024-07-15,amazon_display,8,15340.821528839999
2024-07-15,apple_search_ads_app_install,7,864.0
2024-07-15,banner,2,0.0
2024-07-15,bing,28,159248.59221727474
2024-07-15,bingbrand,20,79002.7967091162
2024-07-15,binglocals,1,0.0
2024-07-15,braze,1,0.0
2024-07-15,buysellads,3,0.0
2024-07-15,capterra,9,65899.23288597843
2024-07-15,crmorg,2,0.0
2024-07-15,ctv,35,79961.6842038396
2024-07-15,dbm_display,61,384629.73348342505
2024-07-15,dbm_display_refunneling,1,0.0
2024-07-15,dbm_video,2,0.0
2024-07-15,dpm,4,4137.2156687499
2024-07-15,dv_online_marketing,1,0.0
2024-07-15,facebook,5,8640.0
2024-07-15,facebookremarketing,1,0.0
2024-07-15,kevinstratvert,3,14976.000000000002
2024-07-15,linkedin_acq,1,6840.0
2024-07-15,mb,3,19577.228446123198
2024-07-15,mindix,2,22494.573224006348
2024-07-15,mobile_app_organic_install,75,100096.85098463151
2024-07-15,msteams_partnership_integration,7,12480.0
2024-07-15,mvf,8,11984.0179407
2024-07-15,natural_intelligence,45,82589.75047475772
2024-07-15,non_marketing_untracked_traffic,1,0.0
2024-07-15,notification,1,1368.0
2024-07-15,omr,1,700.0
2024-07-15,organic_search,152,708157.9488326341
2024-07-15,outbrain,1,0.0
2024-07-15,pandora,2,0.0
2024-07-15,partner,10,78291.78326316398
2024-07-15,partnerstack,35,162285.72874374525
2024-07-15,podcast,14,2280.0
2024-07-15,project-management.com,1,21996.196638853635
2024-07-15,quora_ads,2,0.0
2024-07-15,reddit_ads,10,21918.419734770003
2024-07-15,referral_install_app_install,1,4155.0
2024-07-15,rokt,1,0.0
2024-07-15,seo,50,203665.52643819049
2024-07-15,seperia,5,12332.7907861095
2024-07-15,technologyadvice,1,0.0
2024-07-15,trade_desk_display,2,0.0
2024-07-15,traffic_point,1,0.0
2024-07-15,usbrands,12,34552.818752237996
2024-07-15,virality,4,0.0
2024-07-15,xandr,1,648.0
2024-07-15,zendesk,1,0.0
2024-07-22,adwordsbrand,210,484883.04808875686
2024-07-22,adwordslocals,50,207306.4241538766
2024-07-22,adwordsmobile,1,0.0
2024-07-22,adwordsremarketing,1,0.0
2024-07-22,adwordssearch,227,680916.236465309
2024-07-22,adwordsyoutube,97,460356.9641877556
2024-07-22,adwordsyoutuberemarketing,2,0.0
2024-07-22,amazon_display,9,5700.0
2024-07-22,apple_search_ads_app_install,9,0.0
2024-07-22,bing,37,194546.48723791778
2024-07-22,bingbrand,19,56261.2438496952
2024-07-22,bingsyndicate,1,0.0
2024-07-22,braze,1,10565.06864328
2024-07-22,capterra,9,41300.6676783827
2024-07-22,codeur,1,0.0
2024-07-22,compare_gmbh,2,0.0
2024-07-22,ctv,21,219068.65880764378
2024-07-22,dbm_display,65,232461.0177332266
2024-07-22,dbm_video,1,0.0
2024-07-22,dpm,6,33786.3152600716
2024-07-22,facebook,9,79560.0
2024-07-22,forbes,1,0.0
2024-07-22,getapp,2,0.0
2024-07-22,impact,1,0.0
2024-07-22,kevinstratvert,1,33000.0
2024-07-22,knowledge_base,1,0.0
2024-07-22,linkedin_acq,4,20396.395344858
2024-07-22,mb,7,41793.298094508
2024-07-22,mindix,1,0.0
2024-07-22,mobile_app_organic_install,84,74118.39133148566
2024-07-22,msteams_partnership_integration,5,67626.0182482302
2024-07-22,mvf,11,74191.62383831441
2024-07-22,natural_intelligence,54,165873.46380627673
2024-07-22,non_marketing_untracked_traffic,7,5502.216611643125
2024-07-22,notification,2,28352.98170703656
2024-07-22,organic_search,142,617099.3745641289
2024-07-22,pandora,11,28579.7758159242
2024-07-22,partner,7,125951.65102934121
2024-07-22,partnerstack,33,87821.8849838998
2024-07-22,podcast,10,78704.75386190115
2024-07-22,quora_ads,5,30972.7503675648
2024-07-22,reddit_ads,5,2808.0
2024-07-22,referral_install_app_install,2,0.0
2024-07-22,seo,57,364647.3434596394
2024-07-22,seperia,3,2552.22100044324
2024-07-22,technologyadvice,5,4560.0
2024-07-22,trade_desk_display,3,0.0
2024-07-22,traffic_point,1,0.0
2024-07-22,usbrands,16,44257.06520739911
2024-07-22,virality,3,0.0
2024-07-22,xandr,1,0.0
2024-07-22,zendesk,1,13680.0
2024-07-29,adwordsbrand,222,686018.4888258001
2024-07-29,adwordslocals,33,26668.05847507924
2024-07-29,adwordsmobile,6,0.0
2024-07-29,adwordssearch,226,733356.3142553152
2024-07-29,adwordsyoutube,90,358043.87368987896
2024-07-29,amazon_display,12,58687.9646474166
2024-07-29,apple_search_ads_app_install,7,31200.0
2024-07-29,appvizer,1,3192.0000000000005
2024-07-29,bing,31,218497.16090323936
2024-07-29,bingbrand,21,94673.20478967839
2024-07-29,binglocals,2,0.0
2024-07-29,capterra,5,0.0
2024-07-29,compare_gmbh,2,0.0
2024-07-29,ctv,28,157694.53602751414
2024-07-29,ctv_ttd,1,0.0
2024-07-29,dbm_display,62,252776.14828905667
2024-07-29,dbm_display_remarketing,1,2160.0
2024-07-29,dpm,8,0.0
2024-07-29,facebook,6,8513.318622369767
2024-07-29,forbes,1,0.0
2024-07-29,g2crowd,1,0.0
2024-07-29,instagram,2,0.0
2024-07-29,linkedin_acq,2,286024.79968101
2024-07-29,mb,3,3119.9911879155597
2024-07-29,mindix,3,0.0
2024-07-29,mobile_app_organic_install,62,141118.4234841307
2024-07-29,msteams_partnership_integration,14,72345.1919666631
2024-07-29,mvf,5,0.0
2024-07-29,natural_intelligence,51,146662.26071993762
2024-07-29,non_marketing_untracked_traffic,3,12480.0
2024-07-29,notification,2,6522.88515096
2024-07-29,organic_search,145,632927.8611044326
2024-07-29,outbrainremarketing,1,0.0
2024-07-29,pandora,12,24144.0
2024-07-29,partner,12,81327.91027565923
2024-07-29,partnerstack,36,190375.20478967842
2024-07-29,podcast,11,0.0
2024-07-29,reddit_ads,8,37293.2032976808
2024-07-29,seo,44,145235.7988220372
2024-07-29,seperia,4,43259.61200662919
2024-07-29,technologyadvice,2,0.0
2024-07-29,trade_desk_display,1,0.0
2024-07-29,traffic_point,3,0.0
2024-07-29,twitter,1,0.0
2024-07-29,usbrands,10,103740.0
2024-07-29,virality,4,50311.590134208
2024-08-05,adwordsbrand,224,535477.4298136639
2024-08-05,adwordslocals,39,104546.16637003116
2024-08-05,adwordsmobile,4,0.0
2024-08-05,adwordssearch,250,784964.7647333352
2024-08-05,adwordsyoutube,112,512916.9460223163
2024-08-05,adwordsyoutuberemarketing,2,0.0
2024-08-05,amazon_display,4,0.0
2024-08-05,apple_search_ads_app_install,4,73680.0
2024-08-05,appvizer,1,0.0
2024-08-05,banner,1,61032.00000000001
2024-08-05,bing,31,88561.13920856571
2024-08-05,bingbrand,27,72525.99602907119
2024-08-05,binglocals,1,12480.0
2024-08-05,braze,2,11246.000000000002
2024-08-05,capterra,6,13065.280393666872
2024-08-05,ctv,35,101972.49762716
2024-08-05,dbm_display,52,523753.5281400393
2024-08-05,dbm_display_refunneling,1,8074.0194182574
2024-08-05,dpm,9,96814.061193392
2024-08-05,facebook,6,0.0
2024-08-05,forbes,3,0.0
2024-08-05,getapp,1,0.0
2024-08-05,impact,1,0.0
2024-08-05,instagram,1,0.0
2024-08-05,kevinstratvert,3,2880.0
2024-08-05,mb,6,36000.0
2024-08-05,mobile_app_organic_install,79,64606.134875219606
2024-08-05,msteams_partnership_integration,5,22800.0
2024-08-05,mvf,6,2745.0
2024-08-05,natural_intelligence,44,117003.64639058479
2024-08-05,non_marketing_untracked_traffic,4,33640.0
2024-08-05,notification,2,39932.88098516211
2024-08-05,organic_search,140,412977.72439665545
2024-08-05,pandora,13,87406.99167117414
2024-08-05,partner,14,246697.95692989437
2024-08-05,partnerstack,22,15048.0
2024-08-05,podcast,10,0.0
2024-08-05,project-management.com,1,8736.0
2024-08-05,quora_ads,1,0.0
2024-08-05,reddit_ads,9,40877.023047876
2024-08-05,seo,43,315435.4363462209
2024-08-05,seperia,7,0.0
2024-08-05,spotify,1,0.0
2024-08-05,stackoverflow,1,22144.913111568
2024-08-05,technologyadvice,1,0.0
2024-08-05,trade_desk_display,1,0.0
2024-08-05,traffic_point,2,22920.1196769792
2024-08-05,twitter_ads,1,0.0
2024-08-05,twitter_desktop,1,0.0
2024-08-05,usbrands,23,77115.77419125049
2024-08-05,virality,2,0.0
2024-08-12,admin_page,1,0.0
2024-08-12,adwordsbrand,232,601345.2312402227
2024-08-12,adwordslocals,40,96018.6197324484
2024-08-12,adwordsmobile,2,48175.3317352944
2024-08-12,adwordsrefunneling,1,0.0
2024-08-12,adwordsremarketing,1,0.0
2024-08-12,adwordssearch,237,917286.413322002
2024-08-12,adwordsyoutube,99,789681.7359665999
2024-08-12,amazon_display,5,22286.356337622
2024-08-12,apple_search_ads_app_install,6,0.0
2024-08-12,bing,29,120259.54145330022
2024-08-12,bingbrand,21,173596.1805291256
2024-08-12,binglocals,1,11400.0
2024-08-12,bingsyndicate,3,0.0
2024-08-12,braze,2,0.0
2024-08-12,capterra,7,50970.28456931614
2024-08-12,codeur,1,0.0
2024-08-12,ctv,36,382946.7540204345
2024-08-12,dbm_display,64,225626.5057293051
2024-08-12,dpm,5,0.0
2024-08-12,dv_online_marketing,1,0.0
2024-08-12,facebook,7,0.0
2024-08-12,forbes,1,0.0
2024-08-12,g2crowd,1,0.0
2024-08-12,google,1,0.0
2024-08-12,instagram,1,0.0
2024-08-12,linkedin,1,0.0
2024-08-12,linkedin_acq,1,30470.4914932582
2024-08-12,mb,6,10560.0
2024-08-12,mobile_app_organic_install,78,28026.15462019974
2024-08-12,morning_brew,1,0.0
2024-08-12,msteams_partnership_integration,9,83402.78080796849
2024-08-12,mvf,6,62400.0
2024-08-12,natural_intelligence,44,145008.43937198684
2024-08-12,non_marketing_untracked_traffic,3,37440.0
2024-08-12,none_app_install,1,0.0
2024-08-12,notification,5,0.0
2024-08-12,organic_search,147,358249.6157491023
2024-08-12,outbrain,1,0.0
2024-08-12,pandora,15,18356.928029432158
2024-08-12,partner,12,349080.106406832
2024-08-12,partnerstack,21,9180.0
2024-08-12,podcast,2,11482.0
2024-08-12,product_hunt,2,0.0
2024-08-12,quora_ads,3,13038.6568120278
2024-08-12,reddit_ads,7,62460.0
2024-08-12,referral_install_app_install,1,0.0
2024-08-12,seo,38,103012.25514845015
2024-08-12,seperia,2,0.0
2024-08-12,stackoverflow,1,2880.0
2024-08-12,technologyadvice,4,0.0
2024-08-12,trade_desk_display,2,0.0
2024-08-12,traffic_point,2,0.0
2024-08-12,trial_flow,1,0.0
2024-08-12,usbrands,10,93832.7091473862
2024-08-12,virality,4,6586.32386089992
2024-08-19,adwordsbrand,236,1006697.1271170796
2024-08-19,adwordslocals,53,151207.85635566412
2024-08-19,adwordsmobile,4,0.0
2024-08-19,adwordsngo,1,0.0
2024-08-19,adwordsremarketing,1,0.0
2024-08-19,adwordssearch,226,704665.2838791624
2024-08-19,adwordsverticals,1,0.0
2024-08-19,adwordsyoutube,113,572231.9962142518
2024-08-19,amazon_display,7,0.0
2024-08-19,apple_search_ads,1,0.0
2024-08-19,apple_search_ads_app_install,2,0.0
2024-08-19,banner,1,22144.913111568
2024-08-19,bing,40,197516.438496052
2024-08-19,bingbrand,29,237211.60556456962
2024-08-19,binglocals,2,220856.54107982398
2024-08-19,braze,3,0.0
2024-08-19,business_heroes,1,0.0
2024-08-19,buysellads,1,0.0
2024-08-19,capterra,12,17516.1481979768
2024-08-19,ctv,19,110428.27053991199
2024-08-19,dbm_display,68,376917.8288029919
2024-08-19,dbm_video,2,60134.512614156
2024-08-19,dpm,12,71496.0
2024-08-19,facebook,7,21270.0973420035
2024-08-19,forbes,3,0.0
2024-08-19,impact,2,0.0
2024-08-19,instagram,1,0.0
2024-08-19,kevinstratvert,1,23486.0
2024-08-19,mb,3,0.0
2024-08-19,mobile_app_organic_install,75,122235.2920196229
2024-08-19,msteams_partnership_integration,10,139531.44080925
2024-08-19,mvf,8,1763.5790183550648
2024-08-19,natural_intelligence,49,162177.90559039311
2024-08-19,non_marketing_untracked_traffic,6,25400.9305707864
2024-08-19,notification,7,1368.0
2024-08-19,organic_search,129,392266.48121761385
2024-08-19,pandora,10,45247.3127183256
2024-08-19,partner,6,66676.05838963145
2024-08-19,partnerstack,27,124308.10786847293
2024-08-19,podcast,7,18639.884994936
2024-08-19,product,1,0.0
2024-08-19,quora_ads,3,37203.701923321176
2024-08-19,reddit_ads,13,60120.0
2024-08-19,seo,36,20138.8286938559
2024-08-19,social,1,0.0
2024-08-19,trade_desk_display,1,14108.036947378461
2024-08-19,traffic_point,4,0.0
2024-08-19,twitter_desktop,1,0.0
2024-08-19,usbrands,12,62037.3828618289
2024-08-19,virality,5,0.0
2024-08-19,whats-new-page,1,0.0
2024-08-26,adwordsbrand,229,709796.0609670978
2024-08-26,adwordslocals,42,172063.8792650929
2024-08-26,adwordsmobile,6,0.0
2024-08-26,adwordsrefunneling,1,0.0
2024-08-26,adwordssearch,226,775928.6907502677
2024-08-26,adwordsyoutube,88,683832.5953225355
2024-08-26,amazon_display,6,21426.122318796
2024-08-26,apple_search_ads_app_install,1,2522.0
2024-08-26,bing,29,172294.90104860193
2024-08-26,bingbrand,31,322368.39730835235
2024-08-26,binglocals,6,43559.0
2024-08-26,bingsyndicate,1,20376.5306567427
2024-08-26,business_heroes,1,0.0
2024-08-26,buysellads,1,0.0
2024-08-26,capterra,8,0.0
2024-08-26,ctv,32,149192.7252002544
2024-08-26,dbm_display,56,1872619.071749398
2024-08-26,dbm_video,1,0.0
2024-08-26,dpm,3,36000.0
2024-08-26,facebook,4,17830.0
2024-08-26,facebookremarketing,1,7200.0
2024-08-26,footer,2,0.0
2024-08-26,forbes,2,0.0
2024-08-26,getapp,2,0.0
2024-08-26,hubspot,1,0.0
2024-08-26,mb,1,0.0
2024-08-26,mindix,1,0.0
2024-08-26,mobile_app_organic_install,82,227746.20715637473
2024-08-26,msteams_partnership_integration,7,76236.6866787932
2024-08-26,mvf,6,22042.0
2024-08-26,natural_intelligence,54,247373.23703621732
2024-08-26,non_marketing_untracked_traffic,6,193440.0
2024-08-26,notification,1,0.0
2024-08-26,organic_search,158,964563.9777097156
2024-08-26,outbrain,2,0.0
2024-08-26,outbrainremarketing,1,0.0
2024-08-26,pandora,11,30546.122318796
2024-08-26,partner,8,125019.90793224
2024-08-26,partnerstack,26,48162.2772881904
2024-08-26,podcast,7,93600.0
2024-08-26,quora_ads,1,0.0
2024-08-26,reddit_ads,8,16408.3382816436
2024-08-26,seo,55,161557.17113786915
2024-08-26,technologyadvice,1,0.0
2024-08-26,trade_desk_display,2,36179.302681305606
2024-08-26,traffic_point,3,21804.301948416
2024-08-26,usbrands,17,138642.01532051282
2024-08-26,virality,4,0.0
2024-08-26,xandr,1,0.0
2024-09-02,adwordsbrand,266,684270.5279964043
2024-09-02,adwordslocals,43,158642.7749264915
2024-09-02,adwordsmobile,6,0.0
2024-09-02,adwordssearch,237,1096574.7411153882
2024-09-02,adwordsyoutube,114,653306.0805512153
2024-09-02,amazon_display,9,0.0
2024-09-02,apple_search_ads_app_install,5,0.0
2024-09-02,banner,1,0.0
2024-09-02,bing,30,210474.49478175415
2024-09-02,bingbrand,25,44121.184023432
2024-09-02,binglocals,1,0.0
2024-09-02,braze,2,352029.65739027836
2024-09-02,buysellads,3,0.0
2024-09-02,capterra,8,11346.000000000002
2024-09-02,ctv,40,193604.31156623643
2024-09-02,dbm_display,56,195805.55688249768
2024-09-02,dbm_display_refunneling,1,0.0
2024-09-02,dbm_display_remarketing,2,0.0
2024-09-02,dbm_video,1,0.0
2024-09-02,dpm,6,56560.0
2024-09-02,facebook,8,14338.494958862295
2024-09-02,facebook_awrns,1,0.0
2024-09-02,forbes,2,23493.4784185248
2024-09-02,getapp,1,0.0
2024-09-02,instagram,1,0.0
2024-09-02,kevinstratvert,3,0.0
2024-09-02,linkedin_acq,1,1608.0
2024-09-02,mb,3,4675.0
2024-09-02,mindix,1,0.0
2024-09-02,mobile_app_organic_install,83,338330.792142379
2024-09-02,msteams_partnership_integration,11,1080.0
2024-09-02,mvf,7,1620.0
2024-09-02,natural_intelligence,65,243556.57261498025
2024-09-02,non_marketing_untracked_traffic,5,16320.0
2024-09-02,notification,1,0.0
2024-09-02,organic_search,123,445924.97014942614
2024-09-02,outbrain,2,32688.0
2024-09-02,pandora,6,48130.8575850336
2024-09-02,partner,10,101458.97239809817
2024-09-02,partnerstack,25,134676.6626423252
2024-09-02,podcast,9,4166.4154541475
2024-09-02,quora_ads,4,123089.08867838327
2024-09-02,reddit_ads,11,79179.669816156
2024-09-02,seo,40,211383.36424181977
2024-09-02,seperia,4,155188.59136459988
2024-09-02,technologyadvice,4,51192.186317592
2024-09-02,traffic_point,3,0.0
2024-09-02,usbrands,12,7920.0
2024-09-02,virality,4,0.0
2024-09-09,adwordsbrand,273,1463565.4358256
2024-09-09,adwordslocals,42,158459.97732889454
2024-09-09,adwordsmobile,3,0.0
2024-09-09,adwordssearch,263,1090867.7482371714
2024-09-09,adwordsyoutube,99,855490.8885575186
2024-09-09,adwordsyoutubemobile,1,0.0
2024-09-09,amazon_display,3,17100.0
2024-09-09,apple_search_ads,1,0.0
2024-09-09,apple_search_ads_app_install,2,0.0
2024-09-09,bing,33,162671.39827285497
2024-09-09,bingbrand,20,105204.73682619348
2024-09-09,binglocals,1,0.0
2024-09-09,bingsyndicate,3,0.0
2024-09-09,braze,3,27467.328956991
2024-09-09,business_heroes,2,0.0
2024-09-09,capterra,8,23082.22400836224
2024-09-09,ctv,42,150304.65881583528
2024-09-09,dbm_display,71,304637.9900016978
2024-09-09,dpm,6,48198.0
2024-09-09,facebook,6,0.0
2024-09-09,facebookremarketing,1,0.0
2024-09-09,facture-net-blog,1,0.0
2024-09-09,forbes,1,0.0
2024-09-09,getapp,1,0.0
2024-09-09,instagram,2,0.0
2024-09-09,kevinstratvert,2,0.0
2024-09-09,linkedin_acq,1,0.0
2024-09-09,mb,4,0.0
2024-09-09,mindix,2,21755.926148424
2024-09-09,mobile_app_organic_install,90,172290.8357363129
2024-09-09,msteams_partnership_integration,12,1930.0
2024-09-09,mvf,6,21071.225964488833
2024-09-09,natural_intelligence,43,48674.035999980464
2024-09-09,non_marketing_untracked_traffic,6,0.0
2024-09-09,notification,2,0.0
2024-09-09,organic_search,139,621594.2807726858
2024-09-09,pandora,15,89541.98582983679
2024-09-09,partner,15,197242.43700366496
2024-09-09,partnerstack,34,164065.429762272
2024-09-09,podcast,14,79423.2195612136
2024-09-09,quora_ads,1,0.0
2024-09-09,reddit_ads,7,3964.9762493214002
2024-09-09,referral_install_app_install,1,15912.0
2024-09-09,seo,44,203792.7536908153
2024-09-09,seperia,3,26879.159085948006
2024-09-09,technologyadvice,3,0.0
2024-09-09,traffic_point,3,0.0
2024-09-09,usbrands,14,16313.0208264576
2024-09-09,virality,2,0.0
2024-09-09,xandr,1,3978.6542378484
2024-09-16,adwordsbrand,262,507782.94020109216
2024-09-16,adwordslocals,55,140621.00781161734
2024-09-16,adwordsmobile,8,37680.0
2024-09-16,adwordssearch,239,1102278.5545171914
2024-09-16,adwordsyoutube,100,606234.3806594496
2024-09-16,amazon_display,5,11232.0
2024-09-16,apple_search_ads,1,0.0
2024-09-16,bing,33,89217.8270552264
2024-09-16,bingbrand,32,136964.73910996088
2024-09-16,binglocals,3,37440.0
2024-09-16,braze,2,6240.0
2024-09-16,business_heroes,1,0.0
2024-09-16,buysellads,3,30131.18397712628
2024-09-16,capterra,7,30633.458330843197
2024-09-16,ctv,41,346643.26736096427
2024-09-16,dbm_display,70,365496.39121493854
2024-09-16,dbm_display_refunneling,1,24971.723446081283
2024-09-16,dbm_display_remarketing,1,0.0
2024-09-16,dbm_video,1,0.0
2024-09-16,dpm,3,20681.218639799998
2024-09-16,email,1,0.0
2024-09-16,facebook,8,22672.545676482
2024-09-16,forbes,6,32697.196152285596
2024-09-16,getapp,2,2880.0
2024-09-16,impact,2,0.0
2024-09-16,kevinstratvert,6,21537.218036817598
2024-09-16,linkedin_acq,1,0.0
2024-09-16,linkedin_paid,1,22835.4192426906
2024-09-16,mb,4,60188.0
2024-09-16,mindix,1,0.0
2024-09-16,mobile_app_organic_install,71,225490.98605414975
2024-09-16,msteams_partnership_integration,3,100181.06665267641
2024-09-16,mvf,5,2280.0
2024-09-16,natural_intelligence,50,110207.57125724619
2024-09-16,non_marketing_untracked_traffic,8,19770.0
2024-09-16,notification,1,0.0
2024-09-16,omr,1,0.0
2024-09-16,organic_search,125,360789.51325897814
2024-09-16,outbrainremarketing,1,0.0
2024-09-16,pandora,8,21756.1603981176
2024-09-16,partner,7,42140.600191143996
2024-09-16,partnerstack,28,22260.0
2024-09-16,podcast,13,61683.120991206
2024-09-16,quora_ads,6,9432.537669852794
2024-09-16,reddit_ads,16,95654.3390781576
2024-09-16,seo,55,359648.65455951606
2024-09-16,seperia,3,25018.7325986244
2024-09-16,spotify,1,0.0
2024-09-16,stackoverflow,1,0.0
2024-09-16,technologyadvice,4,0.0
2024-09-16,trade_desk_display,1,0.0
2024-09-16,traffic_point,5,26468.388462297597
2024-09-16,twitter_ads,1,0.0
2024-09-16,usbrands,13,40728.0
2024-09-16,virality,2,0.0
2024-09-23,adwordsbrand,258,968064.8086365501
2024-09-23,adwordslocals,53,106693.66940321219
2024-09-23,adwordsmobile,9,12480.0
2024-09-23,adwordssearch,221,591038.4756378
2024-09-23,adwordsverticals,1,8494.0
2024-09-23,adwordsyoutube,87,295849.6525748
2024-09-23,amazon_display,5,78000.0
2024-09-23,apple_search_ads_app_install,4,0.0
2024-09-23,appvizer,1,0.0
2024-09-23,bing,31,207894.169305
2024-09-23,bingbrand,30,80885.4443595
2024-09-23,binglocals,3,22300.4545245
2024-09-23,business_heroes,1,0.0
2024-09-23,buysellads,1,0.0
2024-09-23,capterra,6,132345.025666
2024-09-23,crmorg,1,0.0
2024-09-23,ctv,48,884132.0061240001
2024-09-23,dbm_display,78,405505.81259875
2024-09-23,dbm_display_refunneling,1,0.0
2024-09-23,dbm_display_remarketing,4,73010.0
2024-09-23,dpm,7,0.0
2024-09-23,email,1,0.0
2024-09-23,facebook,9,58250.0
2024-09-23,forbes,2,3600.0
2024-09-23,getapp,3,0.0
2024-09-23,hs_automation,1,15600.0
2024-09-23,impact,3,0.0
2024-09-23,kevinstratvert,1,11923.298874
2024-09-23,mb,1,30240.0
2024-09-23,mobile_app_organic_install,69,234537.44611100003
2024-09-23,msteams_partnership_integration,8,54975.0857102
2024-09-23,mvf,10,49920.0
2024-09-23,natural_intelligence,54,781000.884136
2024-09-23,non_marketing_untracked_traffic,3,18439.903872
2024-09-23,notification,2,0.0
2024-09-23,organic_search,132,603388.2551150371
2024-09-23,outbrain,1,12480.0
2024-09-23,pandora,8,16400.87604
2024-09-23,partner,9,404843.4689568
2024-09-23,partnerstack,23,82166.43509025
2024-09-23,podcast,15,62645.250221300004
2024-09-23,project-management.com,1,19636.201925600002
2024-09-23,reddit_ads,10,279486.27504
2024-09-23,seo,51,141635.0652815
2024-09-23,social,2,19350.900192
2024-09-23,technologyadvice,3,36000.0
2024-09-23,traffic_point,3,24960.0
2024-09-23,trial_onboarding,1,0.0
2024-09-23,usbrands,8,83343.3822
2024-09-23,virality,3,0.0
2024-09-30,adwordsbrand,276,849844.0616929224
2024-09-30,adwordslocals,49,208527.7118168
2024-09-30,adwordsmobile,10,45208.7194482
2024-09-30,adwordssearch,237,650500.5904336999
2024-09-30,adwordsyoutube,81,299885.84276100004
2024-09-30,adwordsyoutubemobile,1,0.0
2024-09-30,amazon_display,3,0.0
2024-09-30,apple_search_ads_app_install,2,0.0
2024-09-30,appvizer,1,0.0
2024-09-30,banner,1,0.0
2024-09-30,bing,43,122252.396796
2024-09-30,bing_native,1,0.0
2024-09-30,bingbrand,33,317015.02515329997
2024-09-30,binglocals,2,0.0
2024-09-30,bingsyndicate,1,0.0
2024-09-30,braze,2,21812.311872
2024-09-30,buysellads,1,0.0
2024-09-30,capterra,3,0.0
2024-09-30,ctv,51,431396.814456
2024-09-30,dbm_display,67,148613.00725775
2024-09-30,dbm_display_remarketing,1,0.0
2024-09-30,dpm,4,0.0
2024-09-30,facebook,10,39220.308892
2024-09-30,forbes,4,0.0
2024-09-30,getapp,2,0.0
2024-09-30,impact,1,17072.497359599998
2024-09-30,mb,2,864.0
2024-09-30,mindix,1,0.0
2024-09-30,mobile_app_organic_install,67,508323.0643735
2024-09-30,msteams_partnership_integration,7,29580.0
2024-09-30,mvf,8,90307.9164522
2024-09-30,natural_intelligence,31,76087.8895396
2024-09-30,non_marketing_untracked_traffic,9,0.0
2024-09-30,organic_search,151,461784.8788808001
2024-09-30,pandora,9,0.0
2024-09-30,partner,14,14872.0
2024-09-30,partnerstack,17,99066.0104708
2024-09-30,podcast,14,333897.1138739
2024-09-30,product_hunt,1,0.0
2024-09-30,project-management.com,1,0.0
2024-09-30,quora_ads,1,0.0
2024-09-30,reddit_ads,10,0.0
2024-09-30,seo,33,30111.699696
2024-09-30,technologyadvice,1,0.0
2024-09-30,traffic_point,1,5940.0
2024-09-30,usbrands,12,22499.93694
2024-09-30,virality,3,0.0
2024-09-30,zendesk,1,0.0
2024-10-07,adwordsbrand,62,304987.34329235
2024-10-07,adwordslocals,5,23665.0
2024-10-07,adwordsmobile,2,0.0
2024-10-07,adwordssearch,43,236795.40092000001
2024-10-07,adwordsyoutube,12,88633.55556000001
2024-10-07,bing,4,0.0
2024-10-07,bingbrand,11,169855.632714
2024-10-07,braze,1,154705.04389825
2024-10-07,capterra,3,28072.2964312
2024-10-07,ctv,3,0.0
2024-10-07,dbm_display,3,16659.038592
2024-10-07,dpm,2,44310.09798
2024-10-07,facebook,1,0.0
2024-10-07,forbes,2,27512.770896
2024-10-07,getapp,1,0.0
2024-10-07,hs_automation,1,69104.0
2024-10-07,kevinstratvert,2,0.0
2024-10-07,linkedin,1,0.0
2024-10-07,mb,3,7795.720140000001
2024-10-07,mindix,1,0.0
2024-10-07,mobile_app_organic_install,15,37754.04036465
2024-10-07,natural_intelligence,13,21636.0278589
2024-10-07,organic_search,44,362928.86614535
2024-10-07,partner,7,188650.9059296
2024-10-07,partnerstack,3,36777.86007
2024-10-07,reddit_ads,1,0.0
2024-10-07,seo,9,17226.0
2024-10-07,seperia,3,0.0
2024-10-07,twitter_ads,1,900.0
2024-10-14,adwordsbrand,4,28732.0
2024-10-14,adwordssearch,5,109017.9289932
2024-10-14,adwordsyoutube,2,36565.304072000006
2024-10-14,ctv,1,32400.0
2024-10-14,linkedin_acq,1,11302.0
2024-10-14,mb,1,79720.0
2024-10-14,natural_intelligence,1,18780.0
2024-10-14,organic_search,1,21187.92407125
2024-10-14,seo,1,18000.0
2024-10-21,adwordsbrand,3,116970.0
2024-10-21,adwordssearch,8,193441.564
2024-10-21,adwordsyoutube,1,9337.026094949999
2024-10-21,bing,1,14280.0
2024-10-21,bingbrand,2,83544.5978025
2024-10-21,capterra,1,40560.0
2024-10-21,ctv,1,35258.7740544
2024-10-21,getapp,1,8098.000000000001
2024-10-21,mobile_app_organic_install,1,0.0
2024-10-21,natural_intelligence,1,16719.198624
2024-10-21,organic_search,10,275081.9411817
2024-10-21,reddit_ads,2,28800.0
2024-10-21,usbrands,1,12000.0
2024-10-28,adwordsbrand,6,191050.8768742
2024-10-28,adwordslocals,2,24960.0
2024-10-28,adwordssearch,4,36136.37768235
2024-10-28,bing,1,30720.0
2024-10-28,capterra,1,4800.0
2024-10-28,facebookremarketing,1,137103.74156805
2024-10-28,mobile_app_organic_install,3,65580.82078565
2024-10-28,msteams_partnership_integration,2,312180.0
2024-10-28,organic_search,2,71169.0
2024-11-04,adwordsbrand,3,38638.0
2024-11-04,adwordslocals,1,20560.0
2024-11-04,adwordssearch,3,53182.24327775001
2024-11-04,adwordsyoutube,1,39460.0
2024-11-04,ctv,1,46800.0
2024-11-04,facebook,1,27720.0
2024-11-04,mobile_app_organic_install,1,0.0
2024-11-04,organic_search,3,104303.45558200001
2024-11-04,partner,1,19296.055497700003
2024-11-04,reddit_ads,1,93600.0
2024-11-04,seo,1,16780.17744
2024-11-11,adwordsremarketing,1,32400.0
2024-11-11,adwordsyoutube,4,128251.2778
2024-11-11,ctv,1,16885.0
2024-11-11,dbm_display,1,24960.0
2024-11-11,dpm,1,682.0
2024-11-11,mb,1,0.0
2024-11-11,mvf,1,8400.0
2024-11-11,organic_search,1,20324.675448
2024-11-11,pandora,1,17100.0
2024-11-11,seo,2,27693.74575385
2024-11-18,adwordsbrand,1,24480.0
2024-11-18,adwordslocals,1,4954.0
2024-11-18,adwordsyoutube,1,100280.0
2024-11-18,binglocals,1,15185.0
2024-11-18,capterra,1,16412.43153195
2024-11-18,instagram,1,30240.0
2024-11-18,mobile_app_organic_install,2,18264.016512000002
2024-11-18,organic_search,2,169198.0
2024-11-18,podcast,1,25846.000000000004
2024-11-18,seo,1,15708.0898095
2024-11-25,adwordsbrand,2,78770.00000000001
2024-11-25,adwordssearch,3,93810.5980647
2024-11-25,adwordsyoutube,1,14083.9230361
2024-11-25,bing,1,17933.22936
2024-11-25,mobile_app_organic_install,1,10736.000000000002
2024-11-25,partnerstack,1,31200.0
2024-11-25,seo,1,62100.0
2024-12-02,adwordsbrand,3,66098.613792
2024-12-02,adwordslocals,1,14635.980288
2024-12-02,adwordssearch,1,9090.0
2024-12-02,bingbrand,1,18840.0
2024-12-02,dbm_display,1,43440.0
2024-12-02,dbm_display_remarketing,1,37170.0
2024-12-02,msteams_partnership_integration,1,45329.466
2024-12-02,natural_intelligence,1,4659.2598104
2024-12-02,organic_search,5,171566.2826292
2024-12-02,outbrain,1,39360.0
2024-12-02,partnerstack,1,30605.0
2024-12-02,technologyadvice,1,21480.0
2024-12-09,adwordsbrand,5,144202.1482243
2024-12-09,adwordssearch,1,93600.0
2024-12-09,adwordsyoutube,2,27400.0
2024-12-09,facebook,1,28800.0
2024-12-09,instagram,1,7058.87541
2024-12-09,mb,2,26006.4639
2024-12-09,non_marketing_untracked_traffic,1,47280.0
2024-12-09,partnerstack,1,28800.0
2024-12-09,seo,2,19320.0
2024-12-16,adwordsbrand,1,0.0
2024-12-16,adwordsgdn,1,28606.0907048
2024-12-16,bing,1,22272.446928600002
2024-12-16,ctv,1,24864.0
2024-12-16,facebook,1,11352.0
2024-12-16,natural_intelligence,2,50642.7203284
2024-12-16,organic_search,1,27360.0
2024-12-16,outbrainremarketing,1,52140.0
2024-12-16,pandora,1,37560.0
2024-12-16,seo,1,11100.0
2024-12-23,adwordssearch,3,100848.0
2024-12-23,bing,1,14160.0
2024-12-23,dbm_display,1,18720.0
2024-12-23,mobile_app_organic_install,1,43525.0
2024-12-23,seo,1,13777.946112000001
2024-12-30,adwordsbrand,1,32400.0
2024-12-30,adwordssearch,3,27073.673148899998
2024-12-30,adwordsyoutube,1,14816.846759999999
2025-01-06,adwordsbrand,6,104965.7774592
2025-01-06,adwordslocals,2,19524.1634208
2025-01-06,adwordssearch,1,17754.196194
2025-01-06,adwordsyoutube,1,18821.056363199998
2025-01-06,capterra,2,21960.0
2025-01-06,ctv,1,21170.98932
2025-01-06,dbm_display,2,135302.0
2025-01-06,dbm_video,1,13853.927934599998
2025-01-06,facebook,1,7181.881212
2025-01-06,financesonline,1,14796.000000000002
2025-01-06,mb,1,46745.4787485
2025-01-06,natural_intelligence,1,15480.0
2025-01-06,organic_search,2,50100.0
2025-01-06,partnerstack,1,2085.0
2025-01-06,seo,3,34800.0
2025-01-13,adwordsbrand,2,24493.591242000002
2025-01-13,adwordssearch,1,11640.0
2025-01-13,adwordsyoutube,2,70946.72448
2025-01-13,bing,1,110520.0
2025-01-13,mobile_app_organic_install,1,16800.0
2025-01-13,natural_intelligence,1,62400.0
2025-01-13,organic_search,3,31191.0300427
2025-01-20,adwordsbrand,3,25668.6080918
2025-01-20,adwordssearch,1,62400.0
2025-01-20,adwordsyoutube,4,38373.47556
2025-01-20,bingbrand,1,16382.7183496
2025-01-20,ctv,2,43382.0
2025-01-20,facebook,2,27309.0092
2025-01-20,getapp,1,9782.0
2025-01-20,natural_intelligence,1,2496.0
2025-01-20,organic_search,1,5700.0
2025-01-27,adwordsbrand,5,73606.4199862
2025-01-27,adwordssearch,6,88724.92942925
2025-01-27,adwordsyoutube,1,5600.0
2025-01-27,capterra,1,13200.0
2025-01-27,dbm_display,1,38518.21116
2025-01-27,facebook,1,28200.0
2025-01-27,mb,1,14797.647018200001
2025-01-27,mobile_app_organic_install,1,2296.0
2025-01-27,msteams_partnership_integration,1,4200.0
2025-01-27,natural_intelligence,3,47180.0
2025-01-27,organic_search,2,16104.0
2025-01-27,podcast,1,51482.95758
2025-01-27,seo,2,40776.9202539
2025-02-03,adwordsbrand,3,80078.0
2025-02-03,adwordssearch,1,28243.893132000005
2025-02-03,bing,1,23500.0
2025-02-03,braze,1,11313.24912
2025-02-03,ctv,1,50816.497500000005
2025-02-03,email,1,33600.0
2025-02-03,facebook,1,21895.96019915
2025-02-03,mobile_app_organic_install,1,0.0
2025-02-03,natural_intelligence,1,35175.0
2025-02-03,organic_search,2,70705.0
2025-02-03,podcast,2,75933.867828
2025-02-03,seo,1,14400.0
2025-02-10,adwordsbrand,3,49678.94511480001
2025-02-10,adwordssearch,4,63097.76519025
2025-02-10,dbm_display,1,22742.1066846
2025-02-10,getapp,1,0.0
2025-02-10,mobile_app_organic_install,1,4325.0
2025-02-10,natural_intelligence,1,15397.797647999998
2025-02-10,organic_search,5,6677.640168
2025-02-10,seo,1,10854.407876450001
2025-02-17,adwordsbrand,3,96973.0
2025-02-17,adwordssearch,2,40062.510964
2025-02-17,adwordsyoutube,1,18536.970192
2025-02-17,dbm_display,1,18670.674359999997
2025-02-17,mb,1,16200.0
2025-02-17,mobile_app_organic_install,3,67528.55442
2025-02-17,organic_search,1,19970.0
2025-02-17,partner,1,24960.0
2025-02-17,seo,2,25343.592204
2025-02-24,adwordsbrand,1,0.0
2025-02-24,adwordsyoutube,1,79197.59508885001
2025-02-24,amazon_music,1,14455.65168
2025-02-24,dbm_display,1,91200.0
2025-02-24,natural_intelligence,1,235262.89644
2025-02-24,podcast,1,15120.0
2025-03-03,mb,1,900.0
